Name,Food_cat
Mango and chilis pickles - Mother's receip,1192
Max Protein - Rite itâ€™s,1239
Kamarkat - 100Â gm,1015
Ğ¡Ñ‹Ñ€Ğ¾Ğº Ğ³Ğ»Ğ°Ğ·ÑƒÑ€Ğ¾Ğ²Ğ°Ğ½Ğ½Ñ‹Ğ¹ Ğ²Ğ°Ğ½Ğ¸Ğ»ÑŒ - Ğ¤ĞµÑ€Ğ¼Ğ°,2454
Ibugesic,962
Salted Peanuts - Panjwani,1855
Special suji rusk - Veer jee,1978
Frooti Mango drink,760
Chives Kimchi - 80Million Kimchi,416
Masala  oats - Soffola,1217
Kai Murruku - Anna bytes,1013
Insight Banana Loose Powder,975
Parle G - 55g,1525
malt vinegar - heinz,2382
Yummy - Anmol - 35g,2294
White Toast - Innlay Bakery,2261
Shrimp,1920
Strawberry milk - SHATTO,2040
Spaghetti - Lubella,1966
Chicken tikka - Sardar,395
Taka tak - 100g,2095
Brut - 283g,259
Eggs - Maeâ€™s Eggs,689
Bread - iD,227
Dark chocolate Muesli - Yoga bar,627
Super muesli - Yoga Bar,2066
Cuajada hondureÃ±a - La cremosita,578
Zesty Orange - SantÃ©,2298
Super Spoon - Kri Kri,2065
Muesli+ - Yoga Bar,1349
à¤°à¤¾à¤® à¤¬à¤‚à¤§à¥‚ à¤ªà¤¾à¤ªà¤¡ à¤®à¤¸à¤¾à¤²à¤¾ - 100g,2460
Saffola Oats,1842
Dal makhani - Kohinoor,614
Fit mix - Jewel farmer,733
Protien bar - Yoga bar,1717
Milk Chocolate Chickpea Snacks - Lebby,1275
Vegan Cocktail samosa - Haldiramâ€™s minute khana,2196
Krombachers Fassbrause Zitrone - Krombacher,1078
Chat at matar - Bingo,344
sanju,2422
Salted Caramel - HÃ¤agen-Dazs,1854
RandomTest - TestBrand,1756
Chocobar chocoholic - The brooklyn creamery,425
Litchi - Real,1133
Cuppa Rice - Daawat,587
Mango - B Natural,1188
Protein - Food strong,1711
Nissin,1411
Plix  fit and slim smoothie chocolate,1651
Sei White Tea - Teamonk,1883
Yummy Guava - Paper boat,2296
Chicken breast - Zorabian,377
Granola - Fit flex,844
Horlicks classic malt - Hindustan Unilever Ltd - 500g,940
High protein paneer - Punjab Sindh,922
8901010000000,23
Bullet coffee - Mad coffee,262
Oreo Original chocolate sandwich biscuits -,1479
rahul,2412
Protein powder - ASITIS,1716
Oreo Original chocolate sandwich biscuits - 46.3g,1480
ranishaco 21,2413
Banana chips - Kozhi,150
Plain Yogurt - Parag,1641
Whole truth protein bar,2272
Imitation Snow crab,970
Atea - 25,115
Foxtail  millet - Manna,740
Organic Mojito,1486
Banana chips Peri-Peri - Olâ€™tymes,151
Tim tim walnut - kashmir walnut group - 250g,2131
Moov - 1,1342
Himalaya since 1930,924
Oats - Turbo,1437
Naan  Nature - Haldiramâ€™s,1385
CHOCOS - 10,274
Muscle Gainer,1362
Vegan Plant Protein Powder - Be Bodywise,2198
Choco - Delhaize,418
Boules de SÃ©same sucrÃ© - CHITTI,216
Mustard oil - Nature Active,1368
Nacho chips sweet chilli - Cornitos nacho chips,1387
Dairy Milk,604
Lait de soja - Bon DÃ©jeuner,1089
Hot&Spicy Samosa - Haldiram,958
Tops Mango Pickle - 1Â Kg,2157
Nestle Resource High Protein - 1Kg,1406
Women Horlicks - Horlics - 400g,2277
Cabruary Bourn Vita - 1Â Kg,286
Veer - 4,2187
FULL 365 - 24,705
Hing - Ramdev,926
Malabar parota - 10Â Nos,1182
Sarson ka saag - Sohna,1867
Oat Granola - Express FOODS,1433
Riz basmati - Alishaan,1805
Bhindi - Ashoka,180
Greek yogurt smoothie,851
"High Calorie Gainer, Chocolate Flavour - Muscleblaze",921
Figaro - 200ml,719
Srikhand,2024
Kinder CereAlÃ© - Kinder,1055
Pickel,1614
Oil - 1l,1441
Lassi,1093
closeup toothpaste - 150g,2333
Apple juice,99
Aajhree - 1,37
chyawanprabha - patanjali - 750Â g,2332
Dana Whole Milk,619
Pista Chikki - Shri Mahalaxmi - 450Â g,1634
doctor,2349
Toasted miller muesli,2134
Organic Spicy Avocado Hummus - Trader Joe's,1487
Chat Masala (Mix spices powder),341
Dark chocolate peanut butter,628
8904260000000,31
Namkeen - Haldiram's - 20,1388
100066,2
Sowbhagya foods - 500GM,1946
Kuthu vilakku - wheat flour (atta),1082
Muscleblaze - 4kg,1363
Sainda namak - 200g,1849
Nan Khatai,1390
Clear shampoo - 6Â ml+ 15% extra =7Â ml,484
Dugra ghee - 910g,671
Yippee - 420gms,2288
Pantene pro-v oil replacement - 80Â ml,1519
Blueberries,201
Yop!,2293
Omega 3,1445
Marie GOLD - Britannia - 300g,1207
Amul,63
Vadilal Gourmet Nutty Belgian Dark chocolate Super Premium Ice Cream,2176
Coca Cola - 180ml,489
Vikas Saxena - Veg pro - 60g,2232
Raviolis aux tomates confites et romarain - Saint-Jean,1771
milky mist  fresh  cream,2389
veggiee fingers - McCain - 175g,2445
Potato crackers - Bombay Sweets - 22g,1687
suji - Akshat group - 500Â g,2432
Sabudana - Shri Varalakshmi Company - 500Â g,1839
Besan - Lal Gulab - 500Â g,172
Walnuts - Proventus Retail Pvt Ltd. - 500Â g,2244
Haldiram's Pasta - Haldirams - 200Â g,885
mamra almonds - K.B.B Nuts Pvt. Ltd. - 250Â g,2383
Lipton green tea honey lemon - 25Â N * 1.6Â g,1132
mom chinese fried rice - alimento agro - 87Â g,2393
Tarmarind Sauce - nestle - 90Â g,2107
Boondi - Haldirams - 150Â g,207
Sugarlite - Zydus Wellness - 500Â g,2054
Black Bourbon,195
Ginger garlic paste,803
Raspberry preserve,1766
Dill tzatziki - 150Â g,646
Tropicana Mixed Fruit Juice,2167
Dark Fantasy,625
N2H GULKAND,1382
Vedic era Wood Press Mustard Oil - 1Â LTR Yellow Mustard Oil + 500Â ml Mustard Oil,2184
Fresca Lime,745
I ball,961
Karthi Keyan - Cadbury - 250Â g,1018
Peanut butter nutrition bar,1585
Takatak Baked Chilli Cheese - Haldiram's,2097
Britannia Treat,247
lays maxx macho chilli flavour,2376
dabur gulabari,2343
Nutriplato Roasted 5 Seeds Blend - 300Â g,1423
britannia treat croissant vanilla creme roll,2319
Gummy Vites,873
Weetabix - 450Â g,2249
Green chutney style - kurkure,860
maggi coconut milk powder,2381
balaji wafers crunchex -,2312
balaji wafers chataka pataka -,2311
Spiced Okra Chips,1979
Organic peanut butter - 350Â g,1489
Butter Bite,263
Mango,1187
fabelle dark chocolate -,2354
Pata negra,1543
Bourbon,221
Coriander powder - Swastik,533
Veggie stix,2225
Kelloyy's Wheat Flakes,1034
Whole Wheat Bread - Fresho,2267
Shubham - Nandini,1921
Complete pancake mix,526
Natural Greek Yogurt - Epigamua,1397
Soya chips - haldirams - 50g,1952
Bar One - NestlÃ©,156
Les Fabuleuses / Boulette d'Ã©nergie Pomme-Cannelle,1127
Boulette d'Ã©nergie cacao cacahuete,218
Boulette d'Ã©nergie Match-Coco,217
Organic Brown Sugar (Desi Khand) - 500Â g,1482
Moong dal,1335
Duke's,672
Bakarwadi - chitale - 250Â g,131
Periperi nachos &salsa dip - Colonel & co,1608
Moong Dal Burfi - Haldiram s,1333
almond fresh - so good india - 200Â ml,2303
QuÄ,1747
Maiyas Moong Dal - 35,1176
Rice Kodubale - Maiyas - 40,1785
nutri choice - Britannia - 75g,2397
Mom's Magic - Sunfeast - 100g,1327
Pasteurized Toned Milk - Namaste India - 230Â ml,1542
catch sprinklers Table Salt - 100g,2324
sattviko - 28gm,2424
Amul Sugar free chocolate - 150g,79
solen - 24Â pieces,2428
710780000000,19
Rishi Phalswal - Cadbury,1802
kitkat - 25g,2373
Prostar 100% whey,1710
8901570000000,26
8904110000000,30
Organic Coconut flour - Bob's Red Mill - 453Â g,1484
Coated Wafer Layers - Perk,487
Vanilla Muffin Small - Bliss Chocolates India Pvt. Ltd. - 2Â pcs,2177
Pizza peanuts - Pizmame - 32g,1639
Goodrich - pizza topping - 200Â g,828
Fennel fusion - choko la - 40g,714
Mohun's - 500grams,1324
Nutri choise essentials - Britannia - 150Â g,1422
Pillsbury cookie cake - choco nut butter - 22Â g,1619
protinex mama - Danone - 250Â g,2411
Real fruit power - 1l,1780
Spicy (Masala) Noddles Khakhara - Maniarr's - 45g,1980
Pizza Khakhara - Maniarr's - 45Â g,1637
Hutsun flaovored milk chocolate - Hatsun - 200Â ml,960
Raw pressery life + - 250ml,1776
Lays Spanish Tomato - fssai - 90g,1104
nescafÃ© cappuccino - nestle - 5Â serving packets,2396
India gate Basmati rice - KRBL limited - 1Â kg,971
Brewed vinegar - Del Monte - 180Â g,237
karachi's cashew biscuits - karachi bakery - 400Â g,2370
kalimark vibro paneer - 500Â ml,2369
e-Millet cookies - Moon Foods - 150g,2351
Modern Sandwich Supreme - Modern Foods - 600Â g,1323
Twister - Delfi - 320g,2171
Special Mukhwas - Natraj Auroville - 200,1975
OMG! Oh My Ganna Ginger Groove - Nutricane - 250Â ml,1430
Crunchy Nutty Peanut Butter - United Foods - 12Â oz,576
Jeera Special - BTW - 400Â g,997
Jus de mangue - Paper boat - 180ml,1007
Chikki - paper boat - 31Â g,401
Bitterly Osmania Biscuits - Karachi Bakery - 300Â g,194
Snakker - Priyagold - 24Â g,1930
Choco Vanilla - Cream Bell - 65Â ml,420
Fantasia Ice Cream Sandwich - Cream Bell - 80Â ml,710
Idly & Dosa Batter - iD - 1kg,969
Plain salted potato chips - Yellow diamond - 35g,1649
Khakhra -,1042
Orange Cake - Milka Wonder Cake - 150Â g,1454
Sona Masuri Rice - Kalyani - 5Â Kg,1940
Haldirams Bhujia - 1Â kg,887
Halirams Bhujiya sev - haldirams - 1Â kg,889
Yummy Elaichi Flavoured Sandwich - Anmol - 100Â g,2295
Yummy Orange Flavoured Sandwich - Anmol - 100g,2297
Krack Jack Medium Pack -,1077
Cheeslings Classic - Monaco - 300Â g,367
Cheeselings - Classic - Parle - 150Â g,366
Manchow Instant Noodles - Capital Foods - 60Â g,1185
Del Monte Tomato Ketchup - 1Â kg,634
Nutties - Cadbury - 30Â grams,1425
Sofit Soya Milk - 200Â ml,1936
tata tea gemini,2435
Lipton Green tea - 13g,1131
Dr. Oetker - 275g,654
Chewing gum Green Fresh pack de 4 - Hollywood,372
Pierre Martinet Mon taboulÃ© a poulet Ã  la ciboulette la barquette de 300 g,1617
"Yaourts Gervais Aux Fruits, 24x50g 18+6 Gratuits",2284
Coorg Bee Honey -  - 250Â g,531
Horlicks,937
JALIMALS,984
Sizzlin Jalapeno Nacho Crisps - Cornitos - 33g,1923
Toastea - Britannia - 273Â g,2132
Moisturiser - Sukin - 125ml,1325
lays potato chips - Lay's - 28g,2377
pasta - 200g,2403
Soya chunks - 100g,1953
Pasteurised standardised milk - Sudha - 500Â ml,1541
Soulfull Ragi Bites - 250g,1941
cake nuts and resins - britannia - 60g,2322
safari - Gandour - 26g,2420
BB cream - sugar,123
moisturizer - mamaearth - 80g,2392
Cadbury - 130g,287
Doritos Masala Mayhem Flavour - PepsiCo - 25Â g,651
Crema de cacahuate,569
coconut oil - Dabur - 1,2336
Patanjali Chyawanprash - 1Â kg,1547
Thumbs up - coca cola - 2L,2127
Quick Chicken Pizza Instant Noodles - Wai Wai - 75Â g,1743
amul cow ghee - 200Â ml,2305
mountain dew - pepsi - 250Â ml,2394
parle - G - 130g,2402
Kellogg's fruit loops - 250g,1028
Haldirams nut crackers - 400Â g,888
santoor - skin care center,2423
Coca cola - 300ml,490
Britannia Marie Gold - 1Â kg,243
balaji wafers - 40,2310
ketchup,2371
Special Potato Chiwda - LaxmiNarayan - 400Â g,1976
pepsi black - pepsico - 250Â ml,2407
Amul Masti Dahi - 85Â g,77
Amul Taaza - 200Â ml,81
Maggi - Desi Cheesy - Nestle - 60.5Â g,1162
KitchenFeast GARAM MASALA - KitchenFeast The Superb Taste - 100g,1066
KitchenFeast MEAT MASALA - KitchenFeast The Superb Taste - 100g,1067
Maggi rich tomato sauce - 200g,1171
Fruitree,775
Amul Kool,73
COW'S GHEE - Patanjali - 500Â ml,278
snap in basil - 3g,2427
Philadelphia original cheese spread - 280Â g,1611
Rajam Badam drink mix,1752
Ponds - 1,1663
real fruit powee - dabur - 1,2416
B protein - british biologicals - 500g,122
haldirams - 65g,2365
1to3 Noodles - SHRI RAJA INDUSTRIES - 60Â g,4
mapro mixed fruit jam - 1Â kg,2385
bhujiya - chatkins - 400Â g,2316
Soklet - Regal foods and Beverages - 50gm,1939
Goat Cheese - Flanders Dairy Products - 500g,813
Paneer - Ananda - 200g,1498
Harvest Gold 100% Whole Wheat Bread - 450g,901
Bagrryâ€™s White Oats - 1kg,130
Mother Dairy Ultimate Dahi - 400g,1343
Amul Gold - 1Â litre,71
Diet Coke Mobile Pack - Coca-Cola - 500ml,642
Juice,1006
Jalapeno Slices - Tify - 190g,990
Vikas Saxena - Oyes - 25g,2231
milk - smartpaper - 1letter,2388
Naturamore - Naturamore nutraceutical - 350gm,1399
die,2348
Ghiotti Fusilli - Ghotti - 500g,794
wafer cream rolls - tasty treat - 250g,2446
Complan royale chocolate flavour - 500,525
Amla Candy - Markfed Sohna - 500Â g,61
turmeric powder - Ramdev - 500Â g,2441
Maggi pazzta masala penne - Nestle - 65Â g,1170
Amul Belgian chocolate - 125g,65
Greek yogurt wild raspberry,852
tomato ketchup - 1kg,2439
5 star - Cadbury - 5rs,13
Amberella chutney - mc curtie - 450Â g,57
parle,2401
Del Monte - 250Â g,633
Maggi Special Masala - 70Â g,1168
McVitie's Digestive,1251
patanjali Dant Kanti,2404
Lays Cream and Onion Patato Chips - Lay's - 45Â gms,1103
Modern Brown Bread - 300g,1322
Cadbury Choco Creme Oreo - 300Â g,288
Britannia Multi Grain Bread - 400Â g,244
6Â g,18
Tata Salt - 100g,2112
food oil - freedom - 5000Â ml,2357
Garlic 100% Veggie Chips - SnackWise - text,783
Handmade Chocolate Orange Honeycomb - Aldi - 250g,892
Dr. Oetker Funfoods -,655
8901060000000,24
Garlic & Herbs Buttery Spread - Amul - 100g,782
Idiyappam - Adyar Annapoorna - 5,967
Haldiram's Lite Chiwda - 57Â g,882
mini soya chunks(BARI) - 50gm,2390
real litchi,2417
Tetley green tea ginger mint,2117
whole wheat bread - nutribee - 300g,2448
Aloo bhujia - Haldiram - 200Â gm,54
Bagrry's - 500g,129
cheese balls - time out - 55g,2325
Masala Oats - Peppy Tomato - Saffola - 39g,1219
Soya Chips - Haldiram's - 25Â g,1948
O'Choco - PARLITE FOODS,1427
Queso - picon,1742
Caramel - Hershey's - 623Â g,299
Patanjali Mango Drink - 500ml,1550
Lune De Miel Honey100,1147
"Ranch - Hidden Valley - 1,1.18L",1755
Nestle Nan,1405
Ghee - Nambisan's - 200Â ml,793
Hide And Seek - Parle - 33g,917
Hot Chocolate - Cadbury - 200g,942
Garlic Paste - Mothers Recipie,785
Puffcorn,1722
Eggee - Natural Farms - 5Â pcs,686
Qamar Dates - 5KG,1739
Ritter Sport Mini Mix 18er Beutel,1803
saffola masala oats - 39g,2421
Marie biscuits - Bisk Farm - 300gram,1212
Dry Cake - Pran - 350Â g,662
Bestprice Udon - Topvalu - 71g,177
White peach mochi - K. Minamoto - 20g,2262
Maggi Atta noodle - Masala - 4Â pack - 300g,1164
Patanjali cream feast ( milk vanilla ) - 84Â g,1551
Ice cream stick (kulfi of pista malai flavour) - Amul - 1,965
Tasti Smooshed Wholefood Balls - Berry Cashew & Cacao - 69g,2110
OMG! Oh My Ganna Cumin Crush - Nutricane - 250Â ml,1429
Mcvities Butter Cookie 68 GR. - 68Â g,1252
Roasted Dalia - Tip Top - 500Â g,1810
Heeng ki tikiya - Dilbahar - 100g,907
Seedless Dates - Lion - 200Â g,1882
Poha Mota - Rajdhani - 500g,1658
Pizza topping - Dr. Oetker - 100g,1640
Potato Cheese Shotz - Mc Cain - 400Â g,1675
Mini Cookie Cake - Pillsbury - 66Â g,1293
Lite Mixture - Haldiram's - 42g,1135
Whoopies - Haldiram's - 45g,2274
Cavins butterscotch milkshake - Cavinâ€™s - 180ml,332
Dream LITE - Anmol - 200g,657
Mountain Dew - 1,1345
Tandoori Chicken Masala - Everest,2103
Mixed Fruit - Minute Maid - 250Â ml,1309
Mad Angles Chaat Masti - Bingo - 90Â g,1157
Mad Angles Tomato Madness - Bingo - 90Â g,1159
Bounce Choco Twist - Sunfeast - 82Â g,219
Manchow instant soup - Ching's - 15g,1186
Doritos Sweet Chilli Flavour - PepsiCo - 39Â g,653
West Indies' Hot 'n' Sweet Chilli - Frito-lay - 52g,2253
Bikaneri Bhujia - Kurkure - 18g,186
Kesar Rasbari Barfi - Bikano - 1Â kg,1036
Perk - Cadbury - 14.3Â g,1609
Gulab Jamun - Gits - 100g,869
Saffola Masala Oats - Classic Masala - 38Â g,1840
Good Day Cashew Cookies Medium Pack - Britannia - 600Â g,822
Good Day Cashew Cookies - Britannia - 200Â g,821
GoodDay Choco Chip - Britannia - 100Â g,826
Sandwich Chocolate and Vanilla - Kwality Wall's - 57Â g,1861
bru coffee - 100,2320
Cassatta - Kwality Wall's - 70Â g,318
Chorizo Barbecue - Noel - 300Â g,462
Caulier Tripel 33 CL Fles -,320
Fromage d'Abbaye Belge -  - 150Â g,756
Hemp beer - Cannabia - 33Â cl,909
Achards de lÃ©gumes - Royal Bourbon - 200Â g,39
Roger Vidal,1819
Knacks x10 350g prix choc - Auchan - 350Â g,1070
saunf,2425
super muesli no added sugar - yogabar - 700g,2433
cod liver oil capsules - sanofu - 110,2337
Good day cookies,824
Roasted Peanuts plain,1814
SUHANA MISAL MASALA,1837
Cow Ghee - Soul Flavor (Modicare) - 1Â Kg,545
Coconut Oil - Fruit of the Earth - 500gm,494
Biscute - good,190
8908010000000,33
Ching's - 15g,409
Bournvita biscuit - Cadbury,225
Mayi - 200,1247
Dijon Mustard - Delouis Fils - 200g,644
CORIANDER POWDER KitchenFeast - KitchenFeast The Superb Taste - 100g,277
Dabur,599
parachute coco oil - 50Â cl,2400
parachute - coconut oil - 100ml,2399
Real Mixed fruit juice,1779
Glucon-D - 1kg,809
Torti surimi - Menu FraÃ®cheur,2158
Filet de panga surgelÃ© - 1Â kg,720
Verka toned homogenized milk - 1Â l,2226
Masala Cuppa Noodles - nestle - 70g,1218
chilli powder - Ramdev - 500Â g,2326
Little hearts - Britannia,1138
multi millet chikki,2395
Mineral Water -,1291
Rio Mango Alfonso flavour,1801
Bounty minis - Mars nederland - 427.5g,220
Maaza -,1152
Knorr Manchow veg - 12Â g,1072
manchurian rings - lite-n-fit - 80g,2384
CaillÃ© de brebis,294
Cinnamon Toast Crunch Cereal - General Mills,476
Dairy milk,607
Kissan Fresh Tomato Ketchup - 950gm,1060
Protinex Original - 250Â g,1719
Frutti di Bosco Confettura extra 50% - Menz&Gasser,776
poprings - balaji - 30g,2408
Haldiram's Moong Dal - haldirams - 18,884
Chocos Moons & Stars - Kellogg's - 28.6g,458
Red bull energy drink - 350ml,1782
maaza - Hisdustan Unilever Limited - 600Â ml,2378
Hide & Seek Cashew Butter - Parle - 150g,916
Dabur Chyawanprash - 575g,600
Honey - Dabur - 250g,932
MÃ©lange de bonbons - Boni - 600Â g,1381
Pura keto -,1735
Peanut butter - Muscle blaze Bgreen,1582
100% Moong and Edmame spaghetti - pink harvest farms - 200g,1
Natura RAMSONS -  - 100ml,1395
Unpolished Pulses (Mix Pulses) - Patanjali Ayurved Ltd. - 500g,2172
FAREX - 1,701
Dairy Milk Silk minis,605
Hangyo Belgian Choclate Icecream,893
Paper Boat,1523
Minute Maid Orange Juice,1301
Tropicana Apple Juice,2166
Santra,1865
Misso,1304
Assam tea - strong & refreshing,113
asparagus - annai aravindh - 50g,2309
Cold pressed Coconut oil - Soul flavours - 1Â Litre,520
mixed fruit granola - Fit and Flex - 25Â g,2391
fresh,2360
aachi,2300
Tomato Ketchup - Maggi - 22,2138
Dried Cranberries - Healthfull - 200g,658
Maggie Pazzta Chese Macaroni - Maggi,1172
Munch - Nestle - 12.5Â g,1355
epigamia spreads - DRUM Foods - 250Â g,2353
Coconut oil - Simply Nature - 414Â ml,500
Fanta cocktail de fruits,709
PACK 4X50CL LAIT CROISSANCE CANDIA,1492
Amul - 500Â g,64
Fun Foods Chocolate Spread Fudge - Dr.Oetker - 350Â g,777
Quinoa chips,1745
catch chat masala,2323
Peanut Butter (beurre de cacahouÃ¨te),1570
Britannia Nutrichoice Digestive - britannnia - 250g,246
Bourbon - Britannia - 120g,222
Vedica - Bisleri - 1L,2185
KitKat - Nestle - 55g,1064
Shahi Pradhan Gold Special Mix Tea - 250Â gm,1903
Guava delight - Tropicana,865
Chips banane Ã©picÃ©es - Kwality market,414
Maxirich - cipla - 30ml,1245
Glucose Biscuits - Sunfeast - 100Â g,811
elaichi rusk - madhurima - 500g,2352
refined soya bean oil - fortune - 1Â l,2418
Kingfisher ultra,1056
Centerfresh Soft Chews,334
Kamlesh - SENSODENT-K - 50g,1016
Malasa Masti - 40Â g,1183
Haldiram's Bhujia - 460Â g,881
Pepsi - The Coca-Cola Company - 750ml,1606
Lotte Choco Pie,1140
Kissan Mix Fruit Jam - Kisaan - 500Â g,1061
11131861,3
Roasted Crushed Peanuts - Haldiram's,1809
Moments - Ferrero Rocher,1328
Cornflour - Brown & polson - 100g,543
Sugar - Madhur - 5kg,2053
Khatta Meetha - Bikano - 1kg,1047
Rusk Real Premium Elaichi - Parle - 400g,1832
St. D'vence moisturizer winter edition - 300ml,2025
Sandwich bread - 100g,1863
Milder Rahmjoghurt Haselnuss,1270
Golden corn,817
Kellogg's Chocos - 12,1026
a+ slim - Nestle - 1Â l,2299
Cheese slices - Amul - 200g,362
Marie light - 200g,1214
Dairy milk milk chocolate - Mondelez,610
Chilly Chow Cuppa Noodles - nestle - 70Â g,406
act2 popcorn -,2302
Frooti Mango Drink - Parle Agro - 150ml,759
Butter Cookies - Sapphire - 400Â g,266
bournvita - cadbury - 25,2318
Chocolate Flavoured Syrup - Hershey's - 623Â g,430
Riz basmati - Alishaan Superba,1806
Lait de soja non sucrÃ©,1090
Patal Poha Chivda (Indian snack) - Chitale - 200Â g,1544
Oats Original Unsweetened,1438
Enerzal - 500g,692
Corn Flakes - Kellogg's - 1.2Â KG,534
Nature power papaya soap - 125g,1400
Magix - Parle - 40.86Â g,1173
formula 1 - Herbalife - 500g,2358
Vitamin D3 - Holland And Barrett - 100,2233
Hing (Asafoetida) - Catch - 50g,925
Bhujia - Haldiram - 400,182
Creme 4 Fun - Dukes - 150g,570
Cassonade Saint Louis,319
50-50 sweet and salt - Britannia,16
Fruitilicious Fruit Blast Mixed Fruit Jam - Apis - 450Â g,774
Fruit salt lemon flavor - Eno - 5g,773
FUNFOODS PEANUT BUTTER - Dr. Oetker,706
Kellogg's Oats - 1Â kg,1027
Tropicana - 200ml,2165
Nutella Cocoa Spread 290GM - Ferrero - 290Â g,1419
Bolacha Manteiga Belgas - Chabrior,205
Excel - Polar Ice - 12,696
veeba white pasta dressing - 285g,2443
Appy - Parle Agro,105
Coca Cola,488
Taka-tak - Haldiram's,2096
Classic chips - Lay's,480
chocolate cranberry museli - yoga bar - 700g,2330
717996000000,20
Chickpeas Tyson - Katoomba,399
Soya rich - 45à¤—à¥à¤°à¤¾à¤®,1958
wheat khari - new poona bakery - 1,2447
Noodles,1415
Tavuk Salam -,2114
pediasure - 400gm,2406
"Sunfeast Nice, 75 g",2059
drinking water - clear - 1l,2350
Bavaria mango passion,164
Taj Mahal tea leaves - Brooke Bond - 500Â g,2094
Sea salted whole cashews,1881
Haldirams Alu Bhujia - Haldiram's - 175Â g,886
Maaza - Coca-Cola,1154
Chips - Pringles,412
tarij - Pepsico,2434
Pringles Desi Masala Tadka Flavour - 107Â g,1709
kurkure -,2375
The Real Vitamin - BIG MUSCLES NUTRITION - 30Â caps,2120
chocobar flavoured ice cream - Arun - 38g/58Â ml,2328
boondi from haldiramshaldirams boondi - Haldiram's,2317
Maida - Ganesh - 1Â kg,1175
Yoga Bar Steel Cut Oats,2292
Roasted pumpkin kernels - Tong Garden - 200Â g,1818
Patanjali Honey - 1kg,1549
Hing Asafoetida - Catch - 100g,927
dairy milk silk - Cadbury - 250g.,2345
1Â pound,5
Hide and seek -bourbon,919
Ching's Secret Manchurian noodles,410
Special K original - Kellogg's - 900Â g,1974
Soya Granules - Nutrela - 220Â g,1950
Limca - Coca Cola - 2L,1129
Layâ€™s Chile Limon - 55Â g,1105
Cake,296
potazos - Britannia,2410
yoga bar 20g protein hazelnut,2452
Mango 100% juice,1189
Rose Lassi - Cavin's - 180Â ml,1828
KitKat,1063
Apple Juice - Tropicana,89
Cashew Mandel Mix - chili - Snack Fun,314
ON Gold Standard 100% Whey Protein - Optimum Nutrition - 2.27Â kg,1431
Greek yogurt,850
Gangotri Khakra Plain - 200Â g,779
ÙƒØ±Ùƒ - Herbal rea,2456
Karak tea,1017
Peanut Butter Creamy,1575
asitis - 500g,2308
Aachi lime pikle - 10Â pieces,36
Farali mixture - Badalia Foods - 25g,713
Nouille masala - Nestle,1416
Monaco,1329
Schezwan Chutney,1876
BRITANNIA - GOOD DAY - 38g,124
Allo Matar,46
Khajoor Fard {date Crown} 500 GM - 500g,1040
Hard Candy - Coastal Bay confections - 85g,899
Amul Masti Buttermilk - 200,76
Rava idli - MTR - 500Â gm,1770
Exotic dark - Hershey's,698
Munch - NestlÃ©,1356
Thumbs up - Coca-Cola,2126
tomato discs - 60g,2438
CornFlakes Almond Honey - Kellogg's,539
Manna Oats - Steel Cut,1205
Organic almond,1488
Orange Delight - Tropicana,1455
Maggi,1161
Hershy's Kisses cookies 'n' creme - Hershey's,913
Coconut Milk Powder - Maggi,493
Rich Tomato Ketchup - Maggi,1797
2 minute noodle - Maggi,6
Oreo -,1475
Kissan peanut butter - 350g,1062
Pepper Thattai - Adyar Ananda Bhavan - 250g,1603
Rolled oats,1824
Minute maid - 1,1302
coca powder - Fruitoman's - 50Â g,2334
Rolled Oats - True Elements - 40g,1823
Doodh Biscuits,649
S Sunil medical khargon - 3,1834
Chupa chups butes,473
Sprite - coca cola - 750Â ml,2014
Bourbon - Britannia - 60g,223
Perrier Citron,1610
Chocolate Peanut Butter - Real Health - 350Â g,432
Milkshake vanilla Ice cream flavor - Hershey's,1281
"Kelloggs Muesli Breakfast Cereal - With Multigrain & 21% Fruit, Nut & Seeds - Kellogg's - 750Â g",1032
Green Chilli -  - 200g+50g,853
Gorus cookies - Haldiram's,834
Chatpata Dal - Haldiram's,346
peach - Coca-Cola,2405
Olive oil extra virgin - Bertolli,1444
Choco mint protein shake,421
Yoga Bar,2291
Charged - Thums Up - 250Â ml,339
Milkybar - NestlÃ© - 24.5Â g,1283
Atta Maggi,118
snac tac mango jam - 100g,2426
Lassi Mango - Amul,1096
Mountain Dew - PepsiCo - 250Â ml,1347
Premium Jaggery pieces - Rasmalai Gold - 800g,1706
Thoughtful Kabuki Channa - Namdharis - 500gms,2123
Thoughtful Organic Whole Wheat - Namdharis - 1KG,2124
Mixed Pickle - Mother's Recipe - 50Â g,1311
Puffcorn - Kurkure - 57Â g,1724
Shami Kabab - Vezlay Food Pvt Ltd. - 500,1909
Budweiser Beats - AB InBev - 250ml,261
desiccated coconut powder - sheer coco - 100g,2347
Nivea shea smooth body milk,1412
Schezwan Sauce,1877
Dried Cranberries - Nutraj - 180g,659
Bingo Mad Angles PIZZA..AAAAH - ITC - 36.5g,189
Amul Lassi,75
Parle-G Original Gluco Biscuits - 800Â g,1531
Cadbury celebrations - chocolates - 135.7g,293
full bloom,2361
Medu avada - Minute khana - 283Â g,1257
Popcorn - 15,1667
Kelloggs - kellogg's - 240g,1029
Frooti - parle Agro - 150ml,758
"Nouilles instantanÃ©es, Super Piquant et Ã©picÃ© - Nongshim",1417
Saffola Masala Veggie Twist Oats - 38Â g,1841
5star - Cadbury - 25g,17
Premium kachi ghani pure mustard oil - Fortune - 1Â L,1707
Cracker - Britannia - 100g,549
Badam drink mix - MTR - 500g,128
Dairy Milk Silky Bubbly BubbleGum - Cadbury - 120g,606
Micronized Creatine Powder - Optimum Nutrition - 250g,1267
Gatorade,791
yippee noodles (ITC) -  - 420g,2450
Chocolate Milkshake - Cavin's - 1Â Liter,431
Jamaican All Spice - 1,994
Jolochip,1004
Creamy Dark Chocolate Peanut Butter - Muscle Blaze - 750g,565
Puff Dough Paratha - Switz - 400Â grams,1721
Tropicana,2164
Matcha Green Tea - 50Â g,1237
Ragi with oats biscuits,1750
Sweet cream vanilla,2074
Jaw dropping skin,995
Badam Shakers,127
100 Pipers - Seagramâ€™s,0
Sweet Cannoman Peanut Butter,2067
Masala delight,1224
Exotic Dark - Hersheyâ€™s,697
Chupa chups mango + orange flavour,474
Green Chilli Pickle - Engine,854
Patal pohe chiwda - Kaka Halwai sweets - 250g,1545
Hi-Nutrition Breakfast Cereal,914
Waffy,2237
Juzt Jelly,1009
Peanut butter,1581
20/20,9
Sizzlin hot nacho,1924
Multani rajbhogprash,1352
rich tomato sauce - Maggi,2419
Tomato Sauce,2140
Oven Cookie - Margarita,1491
Max protein active choco fudge bar,1244
yavira - Kimaya Himalayan Beverages - 500Â ml,2449
Hangyo Pink Guava Icecream,894
Hangyo Roasted Almonds Icecream,895
Patanjali Atta noodles Chatpata flavour,1546
Wai wai masala noodles,2240
Prem raisins -,1705
Aloo bhujia -,53
Tata Go fit plant protein shake,2111
Mixed Fruit,1308
Rajdhani Maida -,1754
Sharbat Khus - Shree Guruji - 750ml,1911
Happychef Tandoori Paneer Tikka Pizza - 240Â g,897
Winkies chocolate swiss roll,2275
Danish bun,621
Ringo Star ring -  - 100g,1800
Maggi pazzta,1169
8461380000000,22
Nature's essence almond and honey -  - 400ml,1401
yippee! - sunfeast - 280g,2451
Kismis - Parle - 12g,1059
Myfitness Chocolate peanut butter - 510Â g,1379
Little Heart 75g - 50,1136
FC cashew - 10,702
Bru instant Coffee,257
Hide and Seek chocochip cookies,918
Ferrero Rocher,717
Kettle corn,1039
31290143009,10
Raspberry lucozade sport,1765
trail mix - boyo - 200Â grams,2440
dairy milk - cadbury - 12Â gram,2344
delight nuts Omani dates,2346
amul masti dahi - 1Â kg,2306
Veggie Chicken - Good dot - 250,2224
X-press Instant Noodles Masala Delight,2279
Pistachios - Vinod - 250Â g,1635
Walnut Rernels - Vindo - 250Â g,2242
Coconut Dreamz Biscuit,492
Mamra giri Almond - Bliss - 250g,1184
gol kachauri - Haldiram's - 200Â g,2363
Dry fruit mix - Haldiram's - 200Â g,665
8904020000000,29
Multigrain Dosa - MTR - 500g,1353
rasgulla - bikaji - 100,2414
Bikasul - 500Â mg,188
English oven -  - 400g,693
Knorr soupy noodles mast masala,1073
Kelloggs Crunchy Granola Almonds & Cranberries - 460Â g,1031
Yippe noodles - ITC - 60G,2287
Good life black salt 200g -,825
Marie Light,1211
Fruit Blast Mixed Fruit Jam,762
Amul Chocochips Icecream,68
Arabian Premium Dates,110
Glucose-D,812
Butter cookies,268
Breakfast protein bar - Yoga Bar - 50g,236
Maaza - 150Â mL,1153
Sofit Soya Drink (Kesar Pista Flavour) - Hershey's India - 1Â l,1935
Snappers,1931
NACHO CHIPS,1383
Caramilk bars,303
Chocos crunch bites - Kellogg's,460
Fruit Cake with Raisin & Tutti Frutti - winkies - 130Â g,763
Slice - PepsiCo Inc. - 1.75Â l,1925
Cold coffee,512
Chat Masala - Bitta - 100gm,343
Mithi orange candy - 100Â g,1305
××•×¨×– ×‘×¡××•×™ ×—×•× ××œ× - ×•×™×œ×™ ×¤×•×“,2455
Grape - Real - 1Litre,845
3948730000000,12
Protinex,1718
8901730000000,27
Vanilla ice cream - Dinshaw - 700ml,2178
Brown Bread - Kwality - 400g,253
OATS - Disano - 1Â KG,1428
Ratlami sev - Haldiram's,1769
Cornflakes - Kellogg's,540
Sandwich Bread - Nilgiris - 400g,1860
Rice bran oil,1786
8901550000000,25
Hershey's Spreads Cocoa with Almond - 150g,911
Intense cafÃ© flavoured milk,982
Mad angles mmmmm masala,1160
Chowpati bhelpuri,465
Dried Dates - Dmart Premia Superior Quality - 500g,660
Swiss Beauty Makeup Primer - 30Â ml,2088
Chocolate family pack - Amul,443
Googly,830
Poha - Lazmi - 1kg,1657
Fanta - coca cola company,708
8902270000000,28
Classic Dahi - Mother Diary,478
Roasted Flax Seeds - Himalayan Natives - 150Â g,1811
Topp Up,2156
Parle G biscuits,1527
Orbit Sepermint Flavour,1473
Peanut Butter - My Fitness - 1.25Â Kg,1571
Butter Bonn Biscuits,264
creamy corn,2342
Dry Fruits,663
Doritos,650
Stack Up - Simply Salted - Balaji Wafer - 60g,2026
Special Toned Milk - nandini - 200ml,1977
Pepsi,1604
Instant noodles - Maggi,980
Choco Fill'O' - Gone Mad - 24Â g,419
Lay's American Style Cream And Onion,1099
garlic,2362
cornado,2340
collagen refreshers,2339
Dlecta Natural Cheddar,648
Tiger glucose biscuits - Britannia - 49.7Â grams,2130
banana mari,2313
Pure Made Syrup - Torani,1736
Horlicks - 18g,938
Taan jeera masala sofa,2091
Elite good for you - 200g,690
Bourn Vita,224
Soystix - Haldiram's,1965
Tofu - Mooz Formaggio - 200Â g,2136
chocolate,2329
Britannia treat Croissant Mixed Fruit - 47g,249
Tarte en or - Herta,2109
Papdi gathiya,1522
banana sily yellow,2314
cold coffee,2338
Britannia Good day Chocolate Cookies,242
Jim Jam - Britannia - 25g,1003
Rasgulla - Haldiram's - 1kg,1762
Whole Wheat Sandwich Bread - Britannia,2268
Pintola High Protien Peanut Butter - 1kg,1632
strawberry milkshake,2431
7up 750ml - PepsiCo - 750Â ml,21
Dahi,601
Yippee magic masala noodles four in one pack,2290
Hide and seek chocolate chip cookies,920
Bovonto,226
Organic Coconut Oil,1483
COCOA POWDER,275
"Isopure, Low Carb, Dutch Chocolate - Nature's Best",983
Curd,588
Max protein,1242
aamras,2301
Fresho Frozen Green pea - Big basket - 500g,749
"Strawberry, Chocolate, Jaggery - again - 180Â ml",2041
Confiture cherry reserve,527
Marie Gold - Britania - 45g,1208
Green Tea - 1,855
Gourmet Vintage Cheese & Paprika Chips,835
Poop,1664
Disinfecting wipes,647
Orion The Ultimate Choco Chip Cookies - 100Â g,1490
Southern Classic Bread - fresh choice - 400Â g,1945
Rabdi Milkshake - Cavin's - 180Â ml,1748
TeaCountry Green tea -  - 1,2115
Mixed Fruit Delight - Tropicana,1310
Farali Chevdo,712
choco cookies,2327
Cream & Onion,551
Strawberries & Cream Protein Milk Shake,2036
Lay's sizzling hot,1100
Ratlam sev,1768
Vegan Pistachio Millet Biscuit - Karachi's - 300Â g,2197
Veg Hakka Noodles,2188
Dutch Chocolate Flavoured Protein Powder - Isopure,675
Nandini goodlife pista flavouring milk,1392
maaza - coco-cola - dest taste of mango& 200ml,2379
Neycer - 500Â ml,1408
Extra virgin olive oil - BORGES - 1Â l,700
Poprings Masala - Balaji - 22Â g,1669
Max protein 7 grain breakfast cookie - RiteBite - 55Â g,1243
Nan pro2,1391
Parle-g,1532
Marie light,1213
Sandwich plus,1864
Nimbu Pani,1410
Harvest Gold White Bread,902
Mad Angles MMMMM Masala - Bingo,1158
Ghee -  - 500ml,792
Oat clusters and Ragi flakes eith strawberry,1434
Badam Flavoured Milk - Godrej Jersey - 190Â ml,126
Wafer Style Sundried Chilli Flavour - Lay's - 26.5Â g,2235
Wafer Style Tangy Treat Flavour - Lay's - 26.5Â g,2236
2-minute noodles - Maggi - 70g,7
Mala's -  - 500g,1181
Marie Gold - Britannia,1209
Oreo Cricket Edition,1478
Chips Mast Masala - Haldiram's,413
Sandwich bread,1862
Mixed Frozen Berries,1307
Max Protein Chips Peri Peri - RiteBite,1240
Popz,1670
Basil seed drink,160
test 2 - 100g,2436
Nutty Chips - Open Secret,1426
Max Protien - RiteBite,1241
Saundarya aloe vera gel -  - 150ml,1869
Klondike bar original,1069
Smoodh,1929
Happy Happy Choco-Chip Cookies - Parle - 60Â g,896
Potato Lite - Haldiram Snacks Pvt. Ltd. - 15g,1679
Adrak Elaichi - Chaayos,41
PHALHARI CHIWDA - Haldiram - 45g,1493
Nextar Soft Brownies - Nabati - 36Â g,1407
Delista macaroni - Haldiram's - 200g,635
Punjabi Khichdi - Fortune - 60g,1734
Ginger Garlic paste - Bambind - 20g,798
kachi ghani mustard oil - Nature fresh - 455g,2368
maggi Pichkoo tomato ketchup - Nestle - 90g,2380
Peanut Butter - Sundrop - 924g,1574
Kerala virgin coconut oil,1035
Milky bar - NestlÃ© - 42Â g,1282
Amul Kool Rose,74
"Chokissimo Choco Brownie - Cornetto - 72Â g, 110Â ml",461
Vedica Zen - Bisleri - 500Â ml,2186
"Chocolate Chunk Nuts - Yoga Bar - 1pc, 38Â g per serving",429
"Sun lite - Fortune - 1Â l, 910Â g",2056
Garam Masala - Priya - 100Â g,780
Hot and sweet sauce,945
kick,2372
Instant noodles chicken flavour - 70Â g,981
TOMATO KETCHUP CLASSIC BLEND - Del Monte - 950Â g,2090
Chocobakes - Cadbury - 126Â g,422
Antioxydant mix,86
Chocos - Kellogg's,456
Amul Cheese Slices - 100Â g,66
Spicy crackers,1983
Chocolate Wheat Flakes,433
Roasted makhana,1816
Lavash flatbread,1097
Chocobakes - Cadbury - 75Â g,423
Puff - PRIYAGOLD - 40g,1720
Peanut Butter - Pintola - 1Â kg,1572
Bisleri Limonata - 600Â ml,192
"Magnum Chocolate Truffle - Unilever - 62Â g, 80Â ml",1174
Nestea Iced Tea Lemon flavour - NestlÃ© - 200Â ml,1404
Garlic mixture - Rajam snacks - 800Â g,788
Masala peanuts - sowbhagya foods,1232
Room freshner - 140g,1827
Good Day Harmony - Britannia Industries Ltd - 120Â g,823
Fantastik Chico Bar XL - Candyman,711
Khasta crispy masti,1045
Godrej Jersey Paneer - 200Â g,816
Haldiram - 1Â kg,877
Fresh rice vermicelli - Bun Tuoi - 200Â g,747
Extra Virgin Olive oil - Del Monte - 250Â ml,699
Nice Sugar sprinkled coconut biscuits - Dukes - 150g,1409
Bhujia,181
Mixed fruit juice,1313
Horlicks - 200g,939
Center Fresh GUM - 7.2g,333
Marinierte Sardellenfilets - Medusa,1215
Oreo chocolatey sandwich biscuits,1481
Organic Cow Ghee,1485
Nutri Choice,1421
Maggi Pichkoo,1167
Mixed Berries alovera juice,1306
Natkhat Nimbu Lemon Hit Namkeen,1394
Healthy Breakfast Cereal,906
Instant Bhel - Haldiram's - 44Â g,976
Aloo Bhujia - Haldiram's - 42Â g,52
Dairy milk chocolate fruit and nut,609
Yippee magic masala,2289
Sunfeast Yippee! noodles Magic Masala - ITC - 405Â g,2061
Peanut satay Chunky sauce - F.Whitlock and sons,1592
Shri Neelkamal - 500g,1918
CAKE 100% VEG Gobbles fruity fun - Britannia - 64g,273
Bambino Vermicelli - 90g,144
WeikField baking powder - 100g,2251
WeikField Coco powder - 50g,2250
Sunfeast Yippee noodles - 67.5Â g,2060
Kwality x Wall's Desi Twist Creamy Kulfi - 700ml,1084
Fruit drink,769
Papacream X Rhea Kapoor Hazelnut Cold Coffee - 450ml,1520
All time mixture - Biicano,45
Cup noodles,586
Graine de tournesol au thÃ© vert,836
Orange Burfee - Haldiram's - 250g,1453
Pizza and pasta sauce - Del Monte Quality - 100g,1638
Veg mayonnaise for burger,2193
Amul kool elaichi flavour - 180Â ml,84
KitKat - NestlÃ© - 38.5Â g,1065
Pure honey,1737
Creamy Peanut Butter - MaraNatha,566
à¤¨à¤µà¤œà¥€à¤µà¤¨ à¤¹à¤¿à¤‚à¤— - 10g,2459
Minute Maid Apple - 150Â ml,1300
Oats multigrain - Quaker,1440
Atta with Multigrains,120
Ù‡Ø§ÙŠ ØªÙŠ - 225,2457
Mirinda - PepsiCo Inc. - 250Â ml,1303
Potato chips Star - 14g,1686
à¤•à¥‹à¤²à¥à¤¹à¤¾à¤ªà¥‚à¤°à¥€ à¤¦à¤°à¤¬à¤¾à¤° à¤šà¤¿à¤•à¤¨ à¥¬à¥« à¤®à¤¿à¤•à¥à¤¸ - 200gm,2458
Chilli Chatka - 1kg,403
Mango Smoothie with Mango Chunks - Sunfeast - 300Â ml,1191
Chocos Moons and Stars - Kellogg's - 350Â g,459
best ever sunlight - 1,2315
Good Day,819
West Indies hotn sweet chilli,2252
Cadbury Crackle - Hindustan Unilever limited - 420g,289
veg mayonnaise - Dr. Oetker - 250g,2444
COFFEE,276
2-minutes masala noodles - Nestle nutrition - 280g,8
OREO,1432
Just pomegranate,1008
Cheesy Sauce - Wingreens Farms - 180Â g,368
Soya milk powder - 500Â g,1957
Aloevera pulp & juice - Yoga pulp - 200ml,51
Chat Masala - BHARAT MASALA - 50g,342
Treat Cream Wafers,2161
YiPPee Pasta Treat,2286
Mr noodles,1348
Koko Krunch,1074
Desi Ghee,636
Garlic Paste,784
Fanta,707
Pazzta Masala Penne - Maggie - 65Â g,1557
The Whole Truth Bar Cranberry,2121
LION Layina dates,1086
"Sunfeast Dark Fantasy Bourbon, Classic Biscuit - 50g",2057
real apple juice - 1l,2415
Sunfeast glucose biscuits,2062
Milk Blast,1273
Soya Drink Vanilla Flavour - sofit - 200Â ml,1949
Mediterranean Khubus 6's,1256
cornitos Nacho Crisps - 60g,2341
farm land frozen green peas - Farmland - 1kg,2355
99% Cacao Ultimate Dark Chocolate - Amul,35
Snikers,1933
Potato chips,1685
Peanut butter regular - sundrop - 924g,1586
Marie Gold - Britannia - 1Â Packet,1210
green peas onion garlic - heritage namkeen Pvt ltd - 25g,2364
Hazelnut Spread with Cocoa PMP - nutella - 825Â g,904
Frooti - Parle - 300ml,757
Maxirich Multivitamin - Nutrraceutical,1246
Coke - Coca cola - 2Â l,507
Pintola all natural peanut butter (crunchy) - 1Â kg,1633
Pringles - Kelloggs - 107g,1708
Mango Pickle - Swastiks - 100g,1190
Treat Jimjam,2162
Krack Jack - Parle - 250g,1076
Kelloggs Corn Flakes - 100g,1030
Steel cut oats,2030
Sago ball - Gopal,1846
Lotte Choco Pie - 56g,1141
50-50 Maska Chaska - Britannia - 45.5g,15
All Rounder - Sunfeast - 75g,44
Toastea premium rusk - Britannia - 200g,2133
Swing,2087
Molsis Zahidi Dates - Bolas Agro - 500g,1326
Enerzal,691
Nutrela,1420
Boisson soja,204
Britannia - 78g,241
Lipton Green Tea - Unilever and PepsiCo. - 25N,1130
Sprite Coca-Cola - à¤•à¥‹à¤•à¤¾ à¤•à¥‹à¤²à¤¾ à¤• - 2Â l,2015
Classic Cold Coffee - Cothas - 250Â ml,477
Honey Bell vanilla cake,933
Winkin Cow,2276
Jeera Masala,996
Savoriz - Bauli - 52Â g,1873
Tomato Ketchup - 950g,2137
Tomato pickle,2149
Lemon pickle,1118
Rol a cola,1821
Vatika shanpu - 6.6,2183
Dark fantasy,629
Orange Squash,1457
happydent,2366
Drink - 8901764022708 - fanta,661
Bread sticks Sesame,232
Roll Yo!,1822
Tomato Ketchup - kissan - weight: 1.2Â kg,2139
Gamini,778
Golden sizzle,818
Tofu - 200Â g,2135
Protein Peanut Butter,1714
STAINLESS - RK,1836
Hajmola anaardana 120Tabs - 5,876
My companion Longbook 108p - 5,1378
Milk shakr chocolate flavour - Hershey's - 1,1278
Bread sticks herb,233
Rice crisps,1788
Arabian Dates,109
Peri Peri Sauce,1607
Oreo - 7,1476
Top ramen curry flavour - 5,2155
Greek yoghurt alphonso mango,849
Rice cakes mix masala - 84Â g,1787
Little hearts,1137
Fried Rice with Chilli Paneer - Haldiram,752
Good Day Butter Cookies - Britannia - 68g,820
Britannia Nutri Choice Digestive - 50g,245
Protein Lassi - Mango flavour - Amul - 250Â ml,1713
Mountain Dew - MEWATI ğŸ”” - 1.25Â l,1346
Vegain - Man matters,2195
Sourdough. Pav - Bakers dozen,1944
Herbal Power Vita - Patanjali - 500Â g,910
Dant Kanti - Patanjali Ayurved - 150Â g,624
Chocolat soy milk,427
Continental This is Caramel coffee - Continental Coffee Limited - 22g,530
Barramundi - The Better Fish,158
Refreshing Green Tea Morocan Mint,1783
SPORT EVOLVE PERFORMANCE PLANT PROTEIN -TROPICAL MANGO - 1Â kg,1835
Noodle snack - Tasty treat,1414
fortune premium kachi ghani pure mustard oil - adani Wilmar - 1kg.,2359
Sting - 250Â ml,2035
Milk Cake - Lal,1274
Mixed pickle - Mother's Recipe - 1kg,1314
Sprite - Coca Cola - 750Â ml,2013
Sprite,2011
Patanjali Divya Jal - 1Â l,1548
Lychee & Pink Guava,1148
Kundan.kumar - dabar - 120g,1080
Ginger Beer non-alcoholic,797
Yakult,2281
Milk-Ma Butter Cookies - 200g,1279
Milk-Ma whole wheat critters - 150g,1280
Cashew biscuits - Milk Ma - 200g,315
Parle Mazelo Candy - 198Â g,1528
Almond Drink,47
Kinley water,1058
Quinoa Muesli - Chocolate and Banana -,1744
On The Run Energy Bar Choco Crunch,1446
Soft spot plant based smoked cheese - 200g,1938
Cola Kombucha,510
Glucon-D - 300 - 200g,810
Jelly mazza,1001
"Popped lotus seeds, himalayan salt and pepper",1668
Sliced Brown Bread,1926
kkk - Jj's Bakery - 1pis,2374
Mighty Mango,1268
Classic Lemon Flavoured Ice Tea,479
Amul Ice Cream - 2L,72
sprite - 750ml,2430
Daawat Rozana Basmati Rice - 5Â kg,598
Asparagus -  - 100g,112
Apis Classic Dates - 500g,87
Home chef Pasta Macaroni Elbow -  - 875g,928
Quaker Oats - 40Â g,1740
Kombucha Cranberry,1075
Shortbread,1917
Oreo,1474
Sweet chilli Doritos,2071
Spanish tomato tango,1973
ujoygnhyyhyyhhggyhhh - ducthv - hkb,2442
Banana chips,148
Roasted peanuts - 140Â g,1817
LaxmiNarayan Patal Poha Chiwda (Indian snack) - 250Â g,1098
Nutties - Cadbury - 30g,1424
Balaji Wafers Rumbles Potato Chips Pudina Twist flavour - 40Â g,143
Athavale's Patal Poha Chivada (Indian Snack) - 200Â g,116
Yellow Chana - Charliee - 185g,2285
Cadbury Temptations Rum & Raisin Chocolate Bar - 72Â g,291
Cornflakes Chiwda (fried Indian snack) - LaxmiNarayan - 250Â g,541
Moong dal - Haldiram's - 400Â g,1336
Cashews,317
Shrikhand - Amul,1919
Brunos,258
Dahi - Amul,602
Laccha paratha,1088
Tadka chaach,2093
Butter Chakli - Charliee - 105g,265
Multigrain chips,1354
Piknik Classic Tomato Chilli (fried Indian snack) - 70g,1618
Protein Buttermilk - Amul - 200Â ml,1712
Potato stix,1699
Masala Roasted Chana - Bam Bam - 200g,1221
Roasted Peanut - Diamond - 200g,1812
Banana Chips - Ela,145
Roasted Peanuts - Diamond,1813
Munchini,1359
Masala munch,1229
osam misti dahi - 80gms,2398
Masala oats,1230
Fittr,734
Orange Delight - Tropicana - 200Â ml,1456
Alpenliebe gold cream strawberry flavor candy,55
Parle cream n onion chips,1529
Too Yumm! Rings - Tomato Twist - 75g,2153
Munch choclate bar,1358
Mukharochak chira bhaja,1350
Kwality Walls Oreo Chocolate Icecream,1083
Parle peri peri chips,1530
The Laughing Cow Creamy Cheese,2119
Epigamia Greek Yogurt Vanilla Bean,694
Pancake Mix,1496
Dr. Oetker Peanut Butter,656
American Garden Pancake Syrup,58
Nacho Crisps Sizzling Jalapeno - Cornitos - 60Â g,1386
Phulka Roti - Haldiram's - 900Â g,1613
Pomegranate Delight - Tropicana - 200Â ml,1660
Rusk - Parle - 273Â g,1831
Chevdo,371
Haldiram Nut Cracker - Haldiram's - 42g,879
Veg mayonnaise - Dr. Oetker - 100g,2192
Lemon Rice - MTR - 250Â g,1107
Amla Juice - Baidyanath - 1Â L,62
Natural whole wheat parato - ID,1398
Chips,411
906037000000,34
Wheat flour - 5Â kg,2257
Goodmylk Mylk - 200Â ml,827
Atom protien powder,117
Potato Chips (Plain Salted flavour) - Uncle Chipps - 52g,1676
Brown Bread,252
Natural Cheddar slices - D'lecta - 200Â g,1396
Apple cider vinegar - American garden - 473ml,93
spicy banana chips,2429
Happydent white - 10.2g,898
8906010000000,32
Pop Rings - Balaji,1666
Ice cream mix - 100g,964
India's magic masala - Lay's - 20Â g.,972
hot Â´nâ€™ spicy chilli+ pepper noodles - 100Â g,2367
Gobhi Paratha - 400Â g,814
Paneer onion paratha - Haldiram,1508
Orbit Chewing Gum - Wrigley's - 22g,1472
Fresh tomato ketchup - Kissan,748
Dakshin - Haldiram's - 180Â g,611
Lassi - Amul,1095
Chocobakes Choc layered Cakes - Cadbury - 21Â g,424
Bhujia sev - Haldiram's - 400g,184
test hoc - 200,2437
X-press Instant Noodles Vegetable Flavour 70g - WAI WAI - 70g packet,2280
amul,2304
Oats - Kellogg's,1436
Khatta Meetha - Haldiram - 1,1048
Breakfast Protein Bar Apricot Fig - Yoga Bar - 50g,235
Milk Bikis - Britannia - 100g,1272
Aquafina - 500Â ml,108
Top Ramen Masala - Nissin,2154
Chikki Bar - Haldiram's - 45Â g,402
SWEET & SALTY,1838
Water - gagandeep - 3333,2247
Bikano Rasgolla,187
Salt - TATA - 1.0KG,1853
Glucon - D - zydus wellness products ltd - 250g,807
LADDU - Daily Delight - 454g,1085
Waffy - choco flavoured wafer roll - Dukes - 250Â g,2238
Salsa - Dr. Oetker - 300Â g,1852
fizz - Appy Fizz,2356
ParlÃ¨ Agro - 1,1533
Pomegranate juice -  - 1Â l,1661
Parle G - 80g,1526
Peanut Butter - Sundrop,1573
Corn flakes - Kelloggs - 475Â g,537
Amul kool Cofe - 200Â ml,83
Pre-workout,1704
Salted peanuts - Haldiram's - 200g,1856
Peanut Butter Crunchy - Dr. Oetker FUNFOODS - 400g,1576
Kelloggs Muesli With 20% Nuts Delight - 400g,1033
Munch - nestle - 10.4g,1357
Strawberry et Cream,2038
Corn Flakes Original - kellogg - 30g,535
Haldiram Lite Chiwda - Haldiram's - 200Â g,878
Veg Hakka Noodles - Chings Secret - 600Â g,2189
cadbury gems -  - 7.9g,2321
Milano - parle - 1,1269
Brown bread - Britannia - 400g,254
Amul Shrikand,78
Mango delight - pepsico - 200ml,1194
Boost - 500g,209
Snickers Original Bar,1932
Honey,931
Britannia cake - 120g,248
potata - pran - 100g,2409
ThumsUp,2129
Litchi Delight - Tropicana - 200Â ml,1134
Amul Chocominis - 250g,69
Knorr - 14g,1071
chocolate wafer cookies,2331
Soy beverage - Soy Milky - 1litre,1947
MAD ANGLES - ITC - 80g,1149
Waffy Chocolate - Dukes - 60g,2239
Mysore Sandal Soap,1380
Hot and sour soup - Ching's Secret - 55Â g,944
Brianna treat jimjam - Britannia - 100Â g,238
Silk chocolate - Cadbury,1922
Apple drink - johnson and Johnson - 200Â ml,96
VitaminWater,2234
Honey Buttee Almond - Murgerbon - 200g,934
Hershey's cocoa powder - Hershey's Hershey's kitchens - 225Â g,912
Himalaya honey - Apis - 500,923
Puffcorn - Kurkure - 28,1723
Appy - parle agro - 160ml,106
Cadbury bournville premium chocolate - 31Â g,292
Takatak Chatpata Masala - Haldiram's - 71g,2098
Lays Classics Salted - Lay's,1102
Flirty Tomato Tango - Lay's - 29.5g,739
Curls Crax - 23g,595
Bisleri - 500ml,191
Balaji Wafers - 35Â g,142
Moong Dal - Haldiram's - 35Â g,1332
Bhujia Sev - Haldiram's - 150Â grams,183
Chocos Fills - kellogg's - 250Â g,457
Corn Flakes Original - kelloggs - 250Â g,536
Doritos Nacho Cheese Flavours - PepsiCo - 75Â g,652
Amul pasteurised butter - 250,85
Maggi Masala 2 Minute 2 Noodles - 280 GM - Nestle - 70g,1165
Tulsi green tea tea by - Organic India - 43.75Â g,2168
Teriyaki Dip Sauce Marinade - Marks & Spencer - 305Â g,2116
Diet Coke Can - 200ml,641
Protein Powder,1715
Oreo Cream Biscuit - Cadbury - 120Â g,1477
FRUIT N' NUT Dark Chocolate - Amul - 150g,704
Sprite - 2.25l,2012
Red Chilli Sauce,1781
Glucon-D - 125gm,808
Masala Oats - Saffola - 500Â g,1220
Monster Energy Drink - 100000000000000Â ml,1330
masala munch - PepsiCo India holdings Pvt.Ltd - 44g,2387
Real Fruit Power Pomegranate - Dabur - 1Â l,1778
Bisleri Water - 250ml,193
Party Snack - Tong Garden,1535
Amul Dark chocolate - 150g,70
Chocapic,417
Kabuto Noodles Chicken Ramen,1011
Jelly Belly Gourmet Jelly Beans - 4Â lbs,999
Saffola oats,1843
Thums up - thumbs up - 250Â ml,2128
Haldiram moong dal - 200Â g,880
Goody - 340g,829
Coke - Coca-Cola - 750cl,509
Hide & Seek - PARLE - 120g,915
Sweetened multi grain cereal with marshmallows - Kellogg's,2085
Dark Fantasy - Sunfeast - 20g,626
Kinley Mineral Water - 1Â l,1057
Kurkure Masala Munch - 95Â g,1081
Coke - Coca-Cola - 355Â ml,508
Rillettes de saumon - Le PÃ¨re EugÃ¨ne,1799
Chyawanprash with Saffron - Patanjali - 500Â g,475
Creme fraiche - Delhaize - 250Â ml,571
Milk Bikis -  - 200Â g,1271
ĞÑ‚Ñ€ÑƒĞ±Ğ¸ Ñ…Ñ€ÑƒÑÑ‚ÑÑ‰Ğ¸Ğµ - Ğ”Ğ¸ĞµÑ‚Ğ¼Ğ°Ñ€ĞºĞ° - 200Â g,2453
Bonbons longs gÃ©lifiÃ©s qui piquent - U - 200Â g,206
Chocolate - Cadbury - 20Â g,428
Cantucci Toscani - Fine food - Coop - 250Â g e,298
3760290000000,11
La Trappe Isidor - Brasserie Koningshoeven - 33Â cl,1087
Biere abbaye St Erwann 7Â° - Britt - 12*25Â cl,185
Ketchup P'tits Heinz - 280Â ml - 310Â g,1038
Nescafe Classic Pure Coffee - Nestle - 25Â g,1403
Haldiram's Moong Dal - 200g,883
Dairy milk chocolate - cadbury - 13.2g,608
Smiles - Mc Cain - 750Â g,1928
Crousty chicken - Le gaulois,575
Boost Plain - 500Â g,210
Potato Chips Salt & Vinegar Flavour - Lay's,1677
Potato Chips Salted - Lay's - 36Â g,1678
50-50 - Britannia - 50g,14
Veg hakka -,2190
Lays -  - 55Â g,1101
Tata salt - 1kg,2113
Royco Minutesoep X3 Groenten Supreme,1830
Acras de morue - Carrefour - 160Â g,40
Amul Cheese chiplet - 200g,67
Rooh Afza - hamdard - 750Â ml,1826
Huile D'olive  Vierge extra - Cauvin,959
TaboulÃ© Ã  l'orientale - 250Â g,2092
Cadbury Dairy Milk Chocolate - 24g,290
amul taaza toned milk - 500Â ml,2307
Tamari soya sauce - Lima - 1Â l,2100
Noix de cajou nature - Boni - 250Â g,1413
Amul butter - 100.0Â g,82
FROOTI - Parle Agro - 600Â ml,703
Parle - 22g,1524
Ritter Sport Noir Noisettes EntiÃ¨res - 100Â g,1804
Nutella & Go! - 48Â g e,1418
coco cola company - sprite - 250Â ml,2335
Aashirvaad - ITC - 5Kg,38
Maggi Masala Noodles - Nestle - 140g,1166
Buttermilch - Dessert - Sachsen Milch - 200Â g,271
masala - Lay's - 30g,2386
San remo vegeroni shapes 375g - Unknownn,1859
Chocolate syrup - Hershey's - 200g,453
Coffee - nescafÃ© - 50g,502
Sunfeast Dark Fantasy Choco Fills -  - 20,2058
Amul Taaza - 1L,80
Barritas alteza de platano y chocolate,159
Maggi 2-minutes Noodles - 70Â g,1163
MARCO CRUNCHY PEANUT BUTTER - 410Â g,1150
Peanut butter creamy - Dr.Oetker FunFood - 925Â g,1583
American Style Cream & Onion - Lay's - 24g,59
Fresh Tomato Ketchup - Kissan - 950g,746
Passendale classic - 190g (5*38g),1536
Crousti Bistro Express - Findus,574
Chicken noodles - Maggi - 71Â G,385
"Pepsi - 1,5Â L",1605
Diet coke - The Coca-Cola Company - 500Â ml,643
Heinz Tomato ketchup - 400ml,908
Chips barbecue - Lay's - 130Â g,415
Hot tea (Garam Chai),956
Instant coffee,977
Espreso coffee,695
Iced tea,966
Raw mango drink (Aam panna),1774
Fruit Punch (with fresh juices),766
Fruit Punch (with squashes),767
Lemonade,1123
Lem-o-gin,1106
Cumin infused water (Jeere/Zeere ka pani),583
Coco pine cooler,491
Summer cooler,2055
Hot cocoa,950
Cold coffee with ice cream,514
Banana milkshake (Kele milkshake),153
Mango milkshake (Aam milkshake),1197
Pineapple milkshake (Ananas milkshake),1624
Orange milkshake (Narangi milkshake),1467
Egg nog,682
Sweet Lassi (Meethi lassi),2068
Lassi (salted),1094
Cheese and chilli sandwich ,348
Egg sandwich (Ande ka sandwich),684
Cucumber sandwich (Kheere ka sandwich),581
Cheese and pineapple sandwich (Cheese aur ananas ka sandwich),351
Cheese and tomato sandwich (Cheese aur tamatar ke sandwich),353
Chicken sandwich,389
Peanut and tomato sandwich (Moongfali aur tamatar ka sandwich),1577
Rainbow sandwich,1751
Club sandwich ,486
Vegetarian club sandwich,2220
Pin wheel sandwich,1621
Carrot apple sandwich (Gajar aur seb ka sandwich),308
Salami sandwich,1851
Vegetable and mayonnaise sandwich,2200
Egg and tomato sandwich (Ande aur tamatar ka sandwich),676
Sweet open sandwich,2076
Mushroom and cheese sandwich (toasted),1364
Cheese and tomato sandwich (toasted) (Cheese aur tamatar ke sandwich (toasted)),354
Pea potato sandwich (toasted) (Matar aloo ka sandwich),1566
Paneer pea sandwich (toasted) (Paneer matar ka sandwich),1512
Chicken sandwich (toasted),390
Pea keema sandwich (toasted) (Matar aur keema ka sandwich),1560
Classic club sandwich,481
Sesame toast,1901
Cracked wheat porridge (Meetha daliya),548
Semolina porridge (Suji/Rava daliya),1896
Oatmeal Porridge,1435
Cornflakes with milk,542
Rice flakes (Chiwda/Aval),1790
Wheat flakes,2256
Murmura (Puffed rice),1360
Puffed wheat (Murmure/Moori),1725
Boiled egg (Ubla anda),202
Fried Egg ,751
Poached egg,1655
Scrambled egg (Ande ki bhurji),1880
Baked egg ,134
Plain omelette/omlet,1646
Stuffed egg omelette/omlet,2048
Pancake,1495
Keema pancake,1024
Vegetable pancake,2210
Jam and fruit pancake,991
Khoa and coconut pancake,1050
Brown stock,256
Vegetable stock,2216
Chicken stock,392
Clear tomato soup (Tamatar ka soup),485
Lentil soup,1124
Chicken consomme (Clear chicken soup),379
Cream of tomato soup,561
Cream of green peas soup,556
Cream of spinach soup,560
Cream of mixed vegetable soup,557
Cream of mushroom soup,558
Chicken sweet corn soup,394
Minestrone soup,1292
Egg drop soup,679
Chinese cabbage and meat ball soup,407
French onion soup,743
Hot and sour soup,943
Talaumein soup,2099
Cold cucumber soup (Thanda kheere ka soup),516
Cold summer garden soup,521
Chapati/Roti,338
Plain parantha/paratha,1647
Potato parantha/paratha (Aloo ka parantha/paratha),1694
Radish parantha/paratha (Mooli ka parantha/paratha),1749
Cauliflower parantha/paratha (Phoolgobhi ka parantha/paratha),328
Dal parantha/paratha,616
Sprouted moong parantha/paratha,2018
Pea parantha/paratha (Matar ka parantha/paratha),1564
Keema parantha/paratha,1025
Paneer parantha/paratha,1510
Besan and spinach parantha/paratha (Besan aur palak ka parantha/paratha),173
Poori,1665
Spinach poori (Palak poori),1998
Methi poori,1264
Dal stuffed poori,617
Potato stuffed poori (Aloo ki poori),1700
Tandoori parantha/paratha,2106
Boiled rice (Uble chawal),203
Plain pulao,1648
Mixed vegetable pulao,1319
Mushroom pulao,1366
Sprouted moong pulao,2020
Paneer pulao,1514
Peanut pulao ,1589
Navratan pulao,1402
Green chickpeas pulao (Choliya pulao/Hare chane ka pulao),856
Mutton biryani/biriyani,1371
Vegetable biryani/biriyani,2201
"Lemon rice (Pulihora, Elumichai sadam, Chitranna)",1119
Sweet rice (Meethe chawal),2082
Curd rice (Dahi bhaat/Dahi chawal/ Perugu annam/Daddojanam/Thayir saadam),592
Tamarind rice (Chintapandu pulihora/Puliyodharai/Puli sadam/Huli anna),2102
Spanish rice,1972
Chinese fried rice,408
Macroni cheese pie,1156
Vegetable chowmein,2203
Chicken chowmein,378
Cheese noodle ring,356
Spaghetti and cheese balls in tomato sauce,1967
Penne platter,1602
Pasta hot pot,1538
Chicken lasagne,383
Fettuccine with spinach sauce,718
Naan,1384
Bhatura,178
Idli,968
Masala dosa,1225
Semolina dosa (Suji/Rava dosa),1888
Onion tomato uttapam,1451
Paneer kaathi roll,1503
Makki ki roti,1179
Washed moong dal (Dhuli moong ki dal),2245
Washed urad dal (Dhuli urad ki dal),2246
Split bengal gram with bottle gourd (Channa dal with ghiya/lauki),2007
Dry washed urad,669
Mixed dal,1312
Whole moong (Moong ki dal),2270
Whole masoor (Masoor ki dal),2269
Whole moth (Moth ki dal),2271
Whole urad (Urad ki dal),2273
Moti mahal dal (Urad rajmah mix dal),1344
Black channa curry/Bengal gram curry (Kale chane ki curry),196
Chickpeas curry (Safed channa curry),400
Lobia curry,1139
Soyabean curry,1961
Kidney bean curry (Rajmah curry),1053
Sambar,1857
Besan kadhi with pakodies,176
Khatta channa,1049
Sprouted moong dal chat,2016
Potato cauliflower (Aloo gobhi),1684
Potato capsicum (Shimla mirch aloo),1683
Cabbage and peas (Pattagobhi aur matar),279
Carrot and fenugreek leaves (Gajar methi),306
Potato fenugreek (Aloo methi),1689
Brinjal bhartha (Baingan ka bhartha),239
Dry potato (Sookhe aloo),668
Beans with coconut (Nariyal aur sem/phali; Beans thoran),167
Cauliflower with coconut (Nariyal ke saath phoolgobhi),330
Carrot and cabbage with coconut (Nariyal ke saath pattagobhi aur gajar),305
Raw turnip with coconut ,1777
Raw papaya with coconut (Papaya thoran),1775
Stuffed okra (Bharwa bhindi),2049
Stuffed round gourd (Bharwa tinde),2050
Stuffed capsicum (Bharwa shimla mirch),2047
Stuffed brinjal (Bharwa baingan),2046
Stuffed tomatoes (Bharwa tamatar),2051
Pea potato curry (Aloo matar),1565
Pea paneer curry (Matar paneer),1563
Pea mushroom curry (Matar mushroom),1562
Pea curry (Matar ki sabzi),1558
Pea vadi curry,1567
Paneer curry,1500
Lotus stem curry (Kamal kakdi curry),1143
Gravy for kofta,848
Pea kofta curry (Matar kofta curry),1561
Spinach kofta curry (Palak kofta curry),1989
Paneer kofta curry,1505
Lotus stem kofta curry (Kamal kakdi kofta curry),1144
Raw banana kofta curry (Kela kofta curry),1772
Cauliflower kofta curry (Phoolgobhi kofta curry),325
Cabbage kofta curry (Pattagobhi kofta curry),281
Ghiya/Lauki Kofta Curry,795
Spinach paneer kofta curry (Palak paneer kofta curry),1995
Vegetarian egg kofta curry,2221
Baked vegetables,140
Cauliflower musallam (Phoolgobhi musallam),326
Baked vegetables with spinach ,141
Baked potato with skin ,138
Shepherd's pie (vegetarian),1912
Baked brinjal in tomato sauce,132
Dum aloo,673
Spinach paneer (Palak paneer),1994
Methi chaman,1260
Sarson ka saag,1866
Jackfruit sabzi (Kathal ki sabzi),987
Avial,121
Al yakhani,43
Shahi paneer,1906
Paneer in butter sauce,1502
Methi malai paneer,1261
Chilli paneer,405
Paneer makhana korma,1507
Kadhai Paneer,1012
Roghan josh,1820
Spinach mutton (Palak mutton),1992
Pea keema curry (Matar keema ki sabzi),1559
Keema kofta curry,1023
Kashmiri mutton koftas (Gushtaba),1021
Mutton yakhni,1377
Chicken yakhni,397
Mutton do piaza,1373
Mutton chops,1372
Shammi kebab,1910
Scotch egg,1879
Shepherd's pie (with minced meat),1913
Chicken curry,380
Tandoori chicken,2104
Butter chicken,267
Chicken kebab,381
Chilli chicken,404
Fried chicken with tomato sauce (Fried chicken tamatar ki chutney kay saath),753
Fish curry (Machli curry),723
Fried fish (Indian style) (Tali hui machli),754
Fried fish and Chips (English Style) (Tali hui machli aur chips),755
Tomato fish,2145
Baked fish with cheese sauce,136
Fish tikka,732
Tandoori fish,2105
"Paneer, apple and pineapple salad",1518
Russian salad,1833
Pasta salad,1539
Deviled egg,638
Hawain salad,903
Mixed pulse and vegetable salad,1315
Sprouted moong salad ,2022
Tossed salad,2160
Mixed vegetable salad with curd sauce,1320
Potato salad (Aloo ka salaad),1697
Waldroff salad,2241
Coleslaw,524
Fruit salad (Phalon ka salaad),772
Tomato onion raita (Tamatar aur pyaaz ka raita),2148
Peanut raita (Mungfali ka raita),1590
Sprouted moong raita ,2021
Bottle gourd raita (Ghiya/Lauki ka raita),214
Cucumber raita (Kheere ka raita),580
Carrot and spinach raita (Gajar aur palak ka raita),307
Mint raita (Pudinay ka raita),1297
Potato raita (Aloo ka raita),1696
Boondi raita,208
Sweet raita (Meetha raita),2081
Dahi vadas/Dahi bhalla,603
Gunjia,875
Saunth/Sonth chutney with tamarind/imli,1871
Rice kheer (Chawal ki kheer),1792
Makhana kheer,1178
Vermicelli kheer (Semiya/Seviyan ki kheer),2227
Semolina kheer (Suji/Rava kheer),1891
Paneer kheer,1504
Cabbage kheer (Pattagobhi ki kheer),280
Carrot kheer (Gajar ki kheer),311
Cauliflower kheer (Phoolgobhi ki kheer),324
Moong dal kheer,1338
Phirni,1612
Semolina halwa (Suji ka halwa),1889
Shahi suji halwa,1907
Carrot halwa (Gajar ka halwa),310
Egg halwa (Ande ka halwa),680
Potato halwa (Aloo ka halwa),1690
Pumpkin halwa (Kaddu ka halwa),1730
Moong dal halwa,1337
Caramel custard (steamed),301
Baked custard,133
Soft Custard (stirred),1937
Chocolate ice cream,445
Mango ice cream,1195
Fruit Ice cream (Phalon ka Ice cream),764
Caramel ice cream,302
Lemon souffle,1120
Orange souffle,1470
Vanilla souffle,2182
Chocolate souffle,450
Pineapple souffle ,1628
Apple mousse,101
Rich chocolate mousse,1798
Mango mousse,1199
Orange and pineapple cream,1458
Charlotte rousse,340
Triffle pudding,2163
Snow flakes pudding,1934
Kulfi,1079
Steamed orange pudding,2029
Meringue and rice pudding,1259
Cheese pudding,360
Chocolate pudding,448
Bread and butter pudding ,228
Queen of pudding,1741
Pineapple upside down pudding,1631
Date and nut pie,630
Stewed apple with custard,2033
Apple snowballs,104
Hot orange souffle,953
Hot chocolate souffle,949
Hot vanilla souffle,957
Plain burfi (Burfi),1642
Coconut burfi (Nariyal ki burfi),496
Bottle gourd burfi (Ghiya/Lauki burfi),212
Chocolate burfi,435
Cashewnut burfi (Kaju burfi/Kaju katli),316
Gram flour burfi (Besan burfi),839
Semolina ladoo with khoya (Suji/Rava aur khoye ke ladoo ),1893
Semolina ladoo with coconut (Suji/Rava aur nariyal ke ladoo ),1892
Gram flour ladoo (Besan ladoo),842
Sesame ladoo (Til ke ladoo),1900
Chenna murki,369
Milk cake,1276
Ghujia/Lavang latika,796
Gulab Jamun with khoya,870
Mal pua,1180
Shahi tukre,1908
Potato pakora/pakoda (Aloo pakoda),1693
Onion pakora/pakoda (Pyaaz ke pakode),1448
Cauliflower pakora/pakoda (Phoolgobhi ke pakode),327
Mixed vegetable pakora/pakoda,1317
Spinach pakora/pakoda (Palak pakoda),1993
Methi pakora/pakoda (Methi ke pakode),1262
Egg pakora/pakoda (Ande ke pakode),683
Bread pakora/pakoda,229
Paneer pakora/pakoda,1509
Potato bonda (Aloo bonda),1681
Potato samosa (Aloo ka samosa),1698
Minced meat samosa (Keema ka samosa),1290
Paneer and pea samosa (Paneer matar ka samosa),1499
Mathri,1238
Khasta kachori,1046
Vegetable cutlet,2205
Flattened rice cutlet (Chirwa cutlet/Chivda cutlet/Poha cutlet),737
Peanut cutlet (Mungfali ke cutlet),1588
Fish cutlet (Machli ka cutlet),724
Paneer potato cutlet (Paneer aloo cutlet),1513
Spinach chickpeas cutlet (Palak channa dal cutlet),1987
Cheese toast,365
Vegetable burger,2202
Cheese pizza,359
Vegetable seekh kebab,2214
Masala vada,1235
Peanut sago vada (Sabudana mungfali vada),1591
Vegeterian scotch egg,2223
Paneer shaslik/tikka,1515
Peanut brittle (Moongfali ki chikki),1579
Spring roll,2010
Dry mango chutney (Sookhe aam ki chutney),666
Peanut chutney (Mungfali ki chutney),1587
Coconut chutney (Nariyal ki chutney),497
Mint and coriander chutney (Pudinay aur dhaniye ki chutney),1294
Custard tart,597
Lemon tart,1122
Jam tart,993
Orange cream tart,1463
Pineapple tart,1630
Cheese and mushroom tart,350
Cottage cheese pie,544
Minced meat pie,1289
Apple cinnamon pie,94
Lemon meringue pie,1117
Chocolate meringue pie,446
Cream puffs,562
Chocolate eclairs,441
Cheese balls,355
Minced meat patties,1288
Cheese patties,358
Hot cheese souffle,946
Hot potato souffle,954
Hot fish souffle,951
Hot spinach souffle,955
Plain cream cake,1643
Apple cake (Seb ka cake),92
Marble cake,1206
Chocolate cake,437
Orange cake,1460
Fruit Loaf ,765
Banana cake (Kele ka cake),147
Chocolate chiffon cake,438
Christmas cake,468
Strawberry and vanilla cake with butter icing,2037
Eggless cake,687
Swiss roll,2089
Pineapple pastry ,1626
Black forest pastry,199
Coconut finger,498
Pineapple cake ,1622
Chocolate walnut cookies (Chocolate aur akhrot ke cookies),454
Chocolate chip cookies,439
Sweet plain biscuit,2078
Chocolate biscuit,434
Coconut biscuit (Nariyal ke biscuit),495
Sweet and salty biscuit (Meethay aur namkeen biscuit),2069
Peanut biscuit,1578
Pin wheel biscuit,1620
Saffron biscuit (Kesar biscuit),1844
Masala biscuit,1223
Ice box cookies,963
Ginger bread man,800
Danish cookies,622
Short bread cookies,1915
Coffee biscuit,503
Melting moments,1258
Ginger biscuit (Adarak ke biscuit),799
Soyabean muthias,1962
Soyabean tikki,1964
Soyabean namak paras,1963
Peanut burfi (Moongfali ki burfi),1580
Spinach peanut namak paras (Palak moongfali namak paras),1997
Gram flour and semolina chilla/cheela/savory pancake (Besan suji chilla/cheela),837
Rice moong dal cheela (Chawal aur moong dal ka cheela),1793
Split bengal gram sweet rice (Channa dal sweet rice),2006
Sweet poori (Meethi poori),2079
Wheat flour and moong dal burfi (Atta aur moong dal ki burfi),2258
Spinach burfi (Palak burfi),1986
Sweet split chickpea roti (Sweet channa dal roti/Puranpoli),2083
Sprouted moong daliya ,2017
Sprouted moong poha ,2019
Pearl millet ladoo (Bajra ladoo),1596
Paushtik ladoo,1552
Paushtik roti,1553
Semolina carrot vada (Suji gajar vada),1886
Dhokla,640
Kashmiri tea (Kehwa),1022
Steeped hot coffee,2031
Hot chocolate,948
Cold coffee (with cream),513
Banana milkshake with ice cream (Kele ka milkshake ice cream ke saath),154
Flavoured milkshake,738
Jal jeera,989
Gingo,805
Mintade,1299
Canjee,297
Cauliflower canjee (Phoolgobhi ki canjee),323
Potato canjee (Aloo canjee),1682
Vermicelli porridge (Semiya/Seviyan porridge),2228
Semolina upma (Suji/Rava upma),1897
Vermicelli upma (Semiya/Seviyan upma),2229
Rice upma,1796
Bread upma,234
Vegetable upma,2217
Poha,1656
Vegetable poha,2212
Moong dal stuffed cheela/chilla (Moong dal ka cheela/chilla),1340
Paneer stuffed cheela/chilla,1517
Indian style egg bhujia (Anda bhujia (Indian style)),974
French omelette/omlet,742
Puffy omelette/omlet,1726
Orange omelette/omlet,1469
Cheese and mushroom omelette/omlet,349
Spanish omelette/omlet,1971
Mixed stock,1316
Meat stock,1255
White stock,2266
Meat consomme (with mutton),1254
Consomme au julienne,528
Consomme au vermicelli,529
Green pea soup (Matar ka soup),862
Spinach soup (Palak ka soup),2001
Mixed vegetable soup,1321
Cheese soup,363
Mulligatawny soup,1351
Cream of carrot soup,555
Cream of broccoli soup,554
Cream of potato soup,559
Almond soup (Badam ka soup),50
Cold cucumber cream soup ,515
Cold tomato soup,522
Chicken stew,391
Veg paneer stew,2194
Onion-green chilli parantha/paratha (Pyaaz aur hari mirch ka parantha/paratha),1452
Methi parantha/paratha,1263
Bathua poori,162
Gram flour poori (Besan poori),843
Beetroot poori (Chukandar ki poori),169
Peas poori (Matar ki poori),1600
Peas kachori (Matar kachori),1599
Pizza,1636
Bacon and mushroom pancake,125
Cheese and tomato pancake,352
Minced meat pancake (with chicken),1287
Eggplant/Brinjal rice (Vangi bhat),688
Kashmiri 'tahar',1019
Cumin pulao (Jeera/Zeera pulao),584
Peas pulao (Matar pulao),1601
Split bengal gram dal and vegetable pulao (Channa dal and vegetable pulao),2005
Black channa pulao/ Bengal gram pulao (Kale chane ka pulao),197
Mutton pulao,1375
Chicken pulao,387
Mexican rice,1266
Plain khitchdi (Plain khichri/khichdi),1645
Instant idli (with semolina),979
Plain dosa,1644
Masala dosa mixed vegetable fillings,1226
Masala dosa paneer fillings,1227
Uttapam,2175
Appam,88
Beans and macaroni,165
Spaghetti bolognese,1968
Meat and macaroni casserole,1253
Spaghetti with meat balls and tomato sauce,1969
Spaghetti with paneer balls and tomato sauce,1970
Lasagne with meat sauce,1091
Lasagne with vegetables,1092
Home made egg noodles,929
Sour lentils (Khatti dal),1943
Urad special dehusked,2174
Arhar with spinach (Arhar dal aur palak),111
Moong dal with vadi,1341
Rasam with tamarind (Puli rasam/ Chintapandu rasam/ Charu/Saaru),1759
Rasam with lemon (Nimmakaya rasam/Nimmakaya charu/Elumichai rasam/Nimbe hannina saaru),1758
Green gram whole with baghar (Sabut moong dal with tadka),861
Urad sabut special,2173
Kabuli channa curry,1010
Besan gatte curry,175
Dry masala chops,667
Mutton korma,1374
Shahi keema kofta curry,1905
Minced meat ball curry,1285
Boti kebab,211
Mutton seekh kebab,1376
Indian lamb and egg curry (Nargisi kofta),973
Soya chunks sweet and sour (Nutrinugget sweet and sour),1956
Soya chunks korma (Nutrinugget korma),1955
Mushroom matar,1365
Soya chunks and peas (Nutrinugget matar),1954
Vegetable yakhni,2218
Spinach mushroom (Palak mushroom),1990
Vegetarian nargisi kofta curry,2222
Roast chicken,1807
Shahi chicken masala,1904
Tomato chicken,2143
Creamy chicken,567
Broccoli chicken ala king,250
Ginger chicken,802
Chicken sweet and sour,393
Chicken korma,382
Bengal fish curry (Bengali machli curry),171
Fish finger,725
Fish in coconut milk (Nariyal ke doodh ke saath machli),726
Prawn curry (with coconut) (Jhinga curry),1702
Baked stuffed fish,139
Fish pie,729
Crispy baked fish,572
Fish souffle,731
Potato curry (Aloo ki sabzi),1688
Egg curry (Anda curry),677
Vegetable curry with coconut ,2204
Curd with potatoes (Dahi aloo),594
Potato kofta curry (Aloo kofta curry),1691
Yam kofta curry (Zimikand/Suran kofta curry),2283
Jackfruit kofta curry (Kathal ka kofta curry),986
Spinach and potato (Palak aloo),1985
Mooli bhujia,1331
Bathua bhujia,161
Cabbage rolls (dry) ((Pattagobhi rolls) (dry)),285
Cabbage rolls (curry) ((Pattagobhi rolls)(curry)),284
Dry arbi (Sookhi arbi),664
Masala arbi,1222
Peas brinjal bhartha (Matar baingan bhartha),1598
Okra/Lady's fingers fry (Bhindi sabzi/sabji/subji),1442
Crispy okra/Crispy lady's fingers (Karare bhindi),573
Beans foogath,166
Stuffed bittergourd (wet) (Bharwa karele),2044
Jackfruit/Kathal (dry),988
Yam fried (Zimikand/Suran fried),2282
"Cauliflower, pea and potato bhujia (Phoolgobhi, matar aur aloo bhujia)",331
Vegetable jalfrezi,2206
Vegetables stir fry ,2219
Broccoli delight,251
Dhansak (vegetarian),639
Cauliflower basket,322
Stuffed bottle gourd (Stuffed ghiya/lauki),2045
Ducheese potato,670
Roast potatoes ,1808
Stuffed baked potatoes ,2042
Potato nests,1692
Parsley potato,1534
Creamed spinach and mushroom,564
Fricassee of Mushroom,750
Cauliflower au gratin,321
Vegetable and cheese pie,2199
Spinach souffle ,2000
Beetroot and egg salad (Chukandar aur ande ka salad),168
Sour cream potato salad,1942
Tossed green salad,2159
Spring basket salad,2009
Cucumber and yogurt salad (Kheere aur dahi ka salad),579
Chicken and tomato towers,376
Jellied sunshine fruit salad,998
Tomato aspic,2142
Frozen frosty fruit salad (Phalon ka salaad),761
French dressing,741
Mayonnaise without eggs,1250
Curd dressing ,590
Carrot raita (Gajar ka raita),313
Pumpkin raita (Kaddu ka raita),1732
Mint and peanut raita (Pudinay aur moongfali ka raita),1295
Spinach raita (Palak ka raita),1999
Bathua raita,163
Pineapple raita (Ananas ka raita),1627
Banana raita (Kele ka raita),155
Mango raita (Aam ka raita),1202
Guava raita (Amarood ka raita),867
Grapes raita (Angoor ka raita),847
Bottle gourd kheer (Ghiya/Lauki kheer),213
Pumpkin kheer (Kaddu ki kheer),1731
Apple kheer (Seb ki kheer),100
Caramel custard (baked),300
Vanilla ice cream without egg,2181
Vanilla ice cream with egg,2180
Strawberry ice cream,2039
Chocochip ice cream,426
Choconut ice cream,455
Pear chocholate sunday,1593
Chocolate sauce,449
Coffee ice cream,505
Coffee pear alaska,506
Crunchy butterscotch,577
Peach melba ice cream,1569
Vanilla ice cream with apples in hot cherry sauce,2179
Grape and orange whip,846
Honey banana cream,935
Raspberry bavarian cream,1764
Fruit delight,768
Creamy chocolate mousse,568
Cold lemon souffle,517
Cold orange souffle,518
Cold pineapple souffle,519
Cold vanilla souffle,523
Cold chocolate souffle,511
Stewed fruit (with pear),2034
Apricot fool,107
Pavlova,1556
Apple crumb pudding,95
Steamed cake with chocolate sauce,2028
Hot lemon souffle,952
Gulab jamun with milk powder,871
Chum chum,472
Dil bahar,645
Rasbhari,1760
Rajbogh,1753
Rasgulla,1761
Rasmalai,1763
Khoa coconut burfi,1051
Danedar burfi,620
Semolina burfi (Suji/Rava burfi),1884
Pumpkin coconut burfi (Kaddu aur nariyal ki burfi),1728
Khoa ladoo,1052
Wheat and gram flour ladoo (Atta besan ladoo),2254
Semolina ladoo with nuts (Suji/Rava ladoo with nuts),1894
Sesame chickpeas brittle (Til aur channe ki chikki),1899
Murmura chikki,1361
Masala onion pakora/pakoda (Pyaaz ke pakode),1231
Masala green chilli pakora/pakoda (Hari mirch kay pakode),1228
Chicken pakora/pakoda,386
Fish pakora/pakoda,728
Paneer cutlet,1501
Sago cutlet/vadas (Sabudana cutlet/vadas),1847
Poshtik cutlet,1672
Egg cutlet (Anda cutlet),678
Minced meat cutlet,1286
Vegetable samosa,2213
Plain urad dal vada (Uzunne vada/Minapa garelu/Ulundu vadai/Medu vada),1650
Masala urad dal vada,1234
Khaman (dhokla),1044
Instant dhokla,978
Tomato ginger chutney (Tamatar adarak ki chutney),2146
Mint tomato chutney (Pudinay aur tamatar ki chutney),1298
Coriander chutney (Hare dhaniye ki chutney),532
Gooseberry chutney (Amla chutney),831
Walnut chutney (Akhrot ki chutney),2243
Saunth/Sonth chutney with ginger,1870
Gun powder chutney,874
Dessicated coconut chutney (Sookhe kase nariyal ki chutney) ,637
Curd mint dip ,591
Curd vegetable dip,593
Mayonnaise vegetable dip,1249
Tomato and cucumber sandwich (Tamatar aur kheere ka sandwich),2141
Tomato sandwich (grilled),2151
French sandwich (toasted),744
Peanut butter cucumber sandwich,1584
Mint and peanut sandwich,1296
Spicy chutney sandwich,1981
Chicken walnut sandwich (Chicken aur akhrot ke sandwich),396
Rolled sandwich,1825
Ribbon sandwich,1784
Checker board sandwich,347
Submarine sandwich,2052
Cheese open sandwich,357
Sunset and sunrise open sandwich,2064
Danish luncheon sandwich,623
Chicken and corn open sandwich,375
Chocolate sponge cake,451
Chocolate swiss roll,452
Lemon curd filling,1115
Jam filling,992
Chocolate pastry,447
Assorted pastry,114
Orange gateau,1465
Black forest gateau,198
Lemon cake,1110
Dundee cake,674
Victorian sandwich cake,2230
Chocolate eggless cake,442
Orange eggless cake,1464
Chocolate glace icing,444
Butter icing,269
Chocolate butter icing,436
Almond biscuit (Badam ke biscuit),48
Orange biscuit,1459
Gingerman biscuit,804
Coffee drops,504
Christmas biscuit,467
Christmas wreath biscuit,471
Christmas bell biscuit,466
Christmas star biscuit,469
Christmas tree biscuit,470
Chocolate cream shells,440
Jelly biscuit,1000
Cherry and walnut cookies,370
Cheese straws,364
Butterfly biscuit,270
Flan pastry,736
Fruit flan,770
Orange cream flan,1462
Fruit puree tart,771
Apple banana pie,91
Lemon chiffon pie,1112
Orange chiffon pie,1461
Cream buns,552
Savoury puffs,1875
Choux swans,464
Potato aigrettes,1680
Cream horns,553
Savoury cheese horns,1874
Paneer patties,1511
Vegetable patties ,2211
Pearl millet infant food (Bajra shishu aahaar),1595
Sajina,1850
Cereal mix ,335
Pulse mix,1727
Shishu ahar,1914
Cereal pulse mix with amylase rice flour,336
Banana groundnut paste/puree,152
Rice dal porridge (Chawal dal ki khichdi/khichri),1789
Lentils and semolina porridge (Dal suji porridge/daliya),1125
Spinach khichri (Palak khichri/khichdi),1988
Vegetable mix,2208
Lentils and wheat porridge (Dal wheat porridge/daliya ),1126
Maize porridge,1177
Spinach peanut burfi (Palak aur mungfali ki burfi),1996
Split bengal gram burfi/fudge (Channa dal burfi),2003
Chickpea flour cookies (Sweet besan rounds/cookies),398
Pearl millet mathri (Bajra mathri),1597
Sesame biscuit (Til ke biscuit),1898
Fermented bengal gram vada (Khameerikrit/Ufna hua channa dal ka vada),716
Poshtik namak paras,1674
Soya chikki,1951
Besan bathua chilla/cheela,174
Wheat flour and nuts ladoos (Atta nuts ladoos),2259
Gram flour and semolina dhokla (Besan suji dhokla),838
Atta dal burfi ,119
Soya roti,1959
Poshtik khichdi/khichri,1673
Namkeen daliya,1389
Sprouts upma ,2023
Semolina idli (Suji/Rava idli),1890
Poshtik chilla/cheela,1671
Stuffed bittergourd (dry) (Bharwa karela),2043
Cauliflower potato canjee,329
Creamed spinach,563
Mango milkshake with ice cream (Aam milkshake ice creamÂ keÂ saath),1198
Pineapple milkshake with ice cream (Ananas milkshake ice creamÂ keÂ saath),1625
Orange milkshake with ice cream (Narangi milkshake ice creamÂ keÂ saath),1468
Woodapple juice (Bel ka sharbat),2278
Sattu drink,1868
Apple and honey sorbet (Seb aur shehad ka sharbat),90
Thandai,2118
Cucumber sharbat (Kheere ka sharbat),582
Apple oats chia seed smoothie,102
Nannari sharbat,1393
Semolina milk drink (Thari kanji),1895
Saffron milk (Kesariya doodh),1845
Black rice kheer (Chak-hao kheer),200
Coconut kheer (Nariyal ki kheer),499
Apple sago payasam (Seb aur sabudana ki kheer),103
Kesari bath,1037
Putharekulu,1738
Mango malpua,1196
Mango vanilla custard,1204
Kiwi granola pudding,1068
Oats burfi,1439
Lotus seed halwa (Kamal gattay ka halwa),1142
Amaranth ladoo (Rajgira ladoo),56
Chhena poda,373
Sweet couscous dessert,2073
Sweetened yogurt (Shrikhand),2086
Thickened sweetened milk (Rabri),2122
Gram flour halwa (Besan halwa),841
Prawn sandwich,1703
Watercress sandwich,2248
Fish sandwich ,730
Kidney bean sandwich with cottage cheese,1054
Finger millet biscuit (Ragi biscuit),721
Buttermilk biscuit,272
Lemon cookies,1113
Sweet potato biscuit (Shakarkand ke biscuit),2080
Raspberry shortbread cookies,1767
Pumpkin cookies ,1729
Greenpea cookies,864
Sunflower cookies,2063
Cardamom cookies (Elaichi cookies),304
Hazelnut cookies,905
Milk cookies,1277
Cranberry cookies,550
Olive biscuit,1443
Tutti fruitti biscuit,2169
Peach blueberry preserves,1568
Pear preserves (Naashpati ka murabba),1594
Starfruit preserves ,2027
Gooseberry pickle (Amla ka achaar),833
Lotus stem pickle (Kamal kakdi ka achar),1145
Date pickle (Khajoor ka achaar),631
Garlic pickle (Lahasun ka achar),789
Fermented bamboo shoot pickle (Mesu pickle),715
Sweet peach pickle (Aadoo ka achaar),2077
Pickled mustard greens ,1616
Small onion pickle ,1927
Green tomato pickle (Haray tamatar ka achaar),863
Pickled cabbage ,1615
Coconut pickle (Nariyal ka aachar),501
Potato pickle (Aloo ka achaar),1695
Mango murabba candy,1200
Afghani chicken,42
Fish orly,727
Hariyali Fish Tikka,900
Chicken manchurian,384
Handi chicken,891
Lemon chicken,1111
Lemon butter fish,1109
Baked eggs in tomato sauce,135
Egg in a pepper,681
Spinach mushroom scrambled egg (Palak mushroom bhurji),1991
Corn omelette/omlet,538
Cajun chicken,295
Paaner do pyaza,1494
Cabbage manchurian (Pattagobhi manchurian),282
Gobi 65,815
Paneer lababdar,1506
Roasted cauliflower steak,1815
Sauteed radishes with green beans,1872
Garlic chutney/Poondu chutney (Lahasun ki chutney),787
Schezwan chutney,1878
Onion chutney (Pyaaz ki chutney/Vengaya chutney),1447
Dates chutney (Khajoor ki chutney),632
Chicken salad,388
Macaroni salad,1155
Cabbage raita (Pattagobhi raita),283
Pomegranate raita (Anaar ka raita),1662
Onion raita (Pyaaz ka raita),1449
Green chilli raita (Hari mirch ka raita),857
Kale salad,1014
Spinach and paneer souffle ,1984
Masala souffle ,1233
Chicken and cheese souffle,374
Tamarind chutney (Chintapandu pachadi/Puli chutney),2101
Pav bhaji masala,1555
Green chutney,859
Sago khitchdi/khichri (Sabudana khitchdi/khichri),1848
Gram flour chilla/cheela (Besan chilla/cheela),840
Vegetable namkeen jave,2209
Khakhra,1041
Moong bean dosa (Pesarattu),1334
Methi thepla,1265
Rice puttu (Ari puttu),1795
Buckwheat pancake (Khura),260
Quinoa khichdi/khichri,1746
Khakhra chaat,1043
Banana appam,146
Veg manchurian,2191
Pav bhaji,1554
Rice murukku,1794
Bhel puri ,179
Semolina dhokla (Suji/Rava dhokla),1887
Spicy corn chaat ,1982
Jackfruit fritters (Ponsa mulik/Kathal ka pakora),985
Banana chips (Kele ke chips),149
Wheat cake,2255
Mango cheesecake,1193
Carrot cake (Gajar ka cake),309
Semolina cake (Suji/Rava cake),1885
Finger millet cake (Ragi cake),722
Honey cake,936
Almond cardamom cake (Badam elaichi cake),49
Tutti frutti cake,2170
Ham and Bean soup,890
Whey soup,2260
Bottle gourd soup (Ghiya/Lauki soup),215
Baked potato soup,137
Pumpkin soup,1733
Sweet corn soup,2072
Paneer soup,1516
Curried Cauliflower soup,596
Millet soup,1284
Lemon coriander soup,1114
Garlic soup,790
Dal makhani,613
Dalma,618
Split bengal gram dal (Channa dal),2004
Horsegram dal (Kulthi dal) ,941
Panchmel dal,1497
Dal dhokli,612
Gujarati handvo ,868
Sev (Omapodi/Karapusa),1902
Papdi,1521
Jowar dosa,1005
Bread roll,230
Soya seekh kebab,1960
Classic seasoned black beans,483
Maa chaane ki dal,1151
Garlic chickpea soup (Lahasun aur chane ka shoraba),786
White sauce (thin),2265
White sauce (medium),2263
White sauce (thick),2264
Cheese sauce,361
Egg sauce,685
Mushroom sauce,1367
Mustard sauce,1369
Brown sauce,255
Classic italian pasta,482
Pasta spinach sauce,1540
Pasta cheese sauce,1537
Mayonnaise,1248
Low calorie quick mayonnaise,1146
Thousand island dressing,2125
Curd dip,589
Short crust pastry,1916
Choux pastry,463
Flaky pastry,735
Sponge cake ,2008
Glace icing,806
Royal icing,1829
American frosting,60
Gum icing,872
Channa murmura premix,337
Cracked wheat and green gram dal premix (Dalia moong dal premix),546
Rice flakes and roasted channa ,1791
Spinach soup in milk ,2002
Vegetable soup,2215
Mashed banana with milk,1236
Poha with curd (Poha aur dahi),1659
Potato with curd,1701
Sweet wheat porridge (Sweet dalia),2084
Vegetable khichdi/khichri,2207
Moong dal mixture,1339
Cracked wheat khichri/khichdi (Dalia khichri/khichdi),547
Stewed apple,2032
Lemon squash (Nimbu ka squash),1121
Orange squash (Santre ka squash),1471
Lichi squash,1128
Mango squash (Aam ka squash),1203
Pineapple squash (Ananas ka squash),1629
Lemon and ginger squash (Nimbu aur adrak ka squash),1108
Apple jam (Seb ka murabba),97
Plum jam (Aloo bukhara jam),1653
Pineapple jam ,1623
Guava jelly (Amrood ki jelly),866
Orange marmalade (Santray ka murabba),1466
Carrot murabba (Gajar ka murabba),312
Gooseberry marmalade (Amla murabba),832
Ginger candy (Adrak ki candy),801
Mango pickle (Aam ka achaar),1201
Mixed vegetable pickle (Sabziyoon ka achaar),1318
Sweet lemon pickle (Neembu ka meetha achaar),2075
Plum chutney (Aloo bukhara ki chutney),1652
Raw mango chutney (Kachhe aam/Kairi ki chutney),1773
Tomato sauce,2152
Tomato puree,2150
Garam masala,781
Chat masala,345
Kashmiri masala,1020
Rasam powder (Rasam masala),1757
Sambar powder (Sambar masala),1858
Tartare sauce,2108
Barbeque sauce,157
Bread sauce,231
Green chilli sauce,858
Home made plain noodles,930
Dal moong,615
Cumin seeds baghar (Jeera baghar/tadka),585
Onion tomato baghar (Pyaaz tamatar ka tadka),1450
Mustard seeds baghar (Mustard seed tadka),1370
Hot cherry sauce,947
Apple jelly (Seb ki jelly),98
Marmalade (Murabba),1216
Plum squash (Aloo bukhara squash),1654
Lemon green chilli pickle (Nimboo aur hari mirch ka achaar),1116
Brinjal pickle (Baingan ka achaar),240
Sweet and sour tomato pickle (Khatta meetha tamatar ka achaar),2070
Jhatpat achar with carrot (Jhatpat achaar gajar ke saath),1002
Tomato chutney (Tamatar ki chutney),2144
Tomato ketchup,2147
Bengal 5 Spice Blend (Panch Phoran),170
